Treinamento,Relevante,Teste,Relevante.1,Unnamed: 4,Unnamed: 5,Unnamed: 6,Unnamed: 7,Unnamed: 8,Unnamed: 9,Unnamed: 10,Unnamed: 11,Unnamed: 12,Unnamed: 13,Unnamed: 14,Unnamed: 15,Relavante
"sam comprou um airpods e me deu o outro fone dele
acontece q o fone dele tem o cheiro maravilhoso gostoso dele
eu nao quero q esse cheiro saia nunca do fone",1.0,encontrei um que tem airpods em todas as fotos eu sÃ³ pesso para ter pesquisado errado nao da,1.0,,,,,,,,,,,,,
finalmente os meus airpods foram achados ğŸ™ğŸ¾ğŸ˜,2.0,"era sÃ³ um airpods na minha vida msm, sonho",3.0,,,,,,,,,,,,,
queria um airpods,3.0,o mta de nova york gostaria que vocÃª parasse de colocar seus airpods nasÂ pistas https://t.co/aecat3rviz https://t.co/6jprjrzdai,0.0,,,,,,,,,,,,,
airpods vale o dinheiro ?,1.0,nao sei onde enfiei meus airpods e to tentando nao ficar doida por causa disso,2.0,,,,,,,,,,,,,
"eu nÃ£o sei onde tÃ¡ a porra do meu airpods 

minha mÃ£e vai comer tanto a porra do meu cu oooooooooooooooooo universo entenda que eu nÃ£o tenho dinheiro",2.0,â€œshawnâ€™s airpods #6â€ quantos airpods esse menino tem? eu sÃ³ queria um https://t.co/t1oqw85huh,1.0,,,,,,,,,,,,,
eu esqueci os meus airpods ğŸ˜­ğŸ˜­ğŸ˜­ğŸ˜­ğŸ˜­,1.0,era sÃ³ um airpods na minha vida mesmo,3.0,,,,,,,,,,,,,
acordei de airpods,1.0,@lmjdelicated mais fÃ¡cil comprar um celular novo do que airpods,2.0,,,,,,,,,,,,,
fones de ouvido sem fio rivais dos airpods foram destaque na ifa 2019 https://t.co/ejrtljsyzu https://t.co/b8dufd9xje,1.0,@iwurmani mo? airpods sÃ£o caros pra cacete nunca que vou ter,2.0,,,,,,,,,,,,,
vou dormir e sonhar com meus novos airpods,3.0,e o meu dog que destruiu meus airpods ğŸ˜ªğŸ˜ªğŸ˜ªğŸ˜ªğŸ’” https://t.co/rnxv0ubcqv,1.0,,,,,,,,,,,,,
"o bernardo silva ainda nÃ£o conhece os airpods

https://t.co/cstsugcy24

atravÃ©s do @googlenews",1.0,preciso de airpods,3.0,,,,,,,,,,,,,
deus q me perdoe mas a pessoa q vai com airpods p faculdade Ã© o auge da caboquice,2.0,"airpods [lacrado]

detalhes do produto:
â€¢original apple lacrado;
â€¢garantia de 1 ano da apple;

#gmimports #apple #airpods https://t.co/bgijcqmtji",0.0,,,,,,,,,,,,,
boa acabei de perder um airpods,2.0,acham que vale a pena comprar os airpods?,1.0,,,,,,,,,,,,,
@lyxdico caralho amigo vc faltou na aula de colocar airpods?,1.0,eu n sei usar airpods.  eles me irritam. nunca tÃ£o carregados,2.0,,,,,,,,,,,,,
quero um airpods,3.0,muito ruim ir no mercado sem meu airpods,1.0,,,,,,,,,,,,,
alguem me da airpods de presente pelo amor de deus eu nÃ£o aguento mais ter que ficar revezando entre carregar o celular ou escutar mÃºsica,3.0,poupar guita para os airpods,1.0,,,,,,,,,,,,,
alguma ong que doa airpods online???,3.0,@shawnespensive â€œshawnâ€™s airpods #6â€ caralho shawn voce tem mais de 6 airpods e eu aqui sem nenhum,0.0,,,,,,,,,,,,,
"@douglassmc1 jaeee, peguei o airpods 2 q Ã© o mais bradock q tem",3.0,mas Ã© claro que eu fui comprar uma case para os airpods,1.0,,,,,,,,,,,,,
comprei o airpods da apple ğŸ˜…,3.0,tenho cÃ¡ um dom p perder airpods nem vos digo,2.0,,,,,,,,,,,,,
"consegui los airpods por $400 pe, puta que oferton diria meli r",1.0,"oh, sempre q perco os airpods eu vou no yt e meto sÃ³: â€˜loud soundâ€™",2.0,,,,,,,,,,,,,
puto que meu airpods tÃ¡ baixo p carai que Ã³dio,2.0,to muito puta deixei meu airpods carregando a noite inteira e tÃ¡ sem bateria ğŸ˜¡,1.0,,,,,,,,,,,,,
eu vivo dia e noite com medo de perder meus airpods,2.0,"ai pprt mrm era sÃ³ alguem me dando um airpods, ia ser o cara mais feliz do mundo",3.0,,,,,,,,,,,,,
os airpods matching com os meus amoh https://t.co/fe9ocofsv3,1.0,agora pra mim o melhor Ã¨ o #6 no airpods kkkkkk #shamelessandliaroutnow https://t.co/cxfzjrudyj,3.0,,,,,,,,,,,,,
comprem me lÃ¡ uns airpods ğŸ¥º,3.0,os â€œairpodsâ€ do pessoal aq da escola parecem uns pirulito branco,1.0,,,,,,,,,,,,,
sÃ³ esperando meus airpods pra comeÃ§ar a correr na rua de noite,3.0,@barceioneta que airpods mas chulos,2.0,,,,,,,,,,,,,
posso comer seu cuzinho aÃ­ depois eu de te dou o airpods???? ^_^ â€” pode ğŸ˜‹ğŸ¥³ğŸ¥° https://t.co/3uohmmmq9d,1.0,desde q entrei na academia a vontade de ter airpods e apple watch ta so aumentando,3.0,,,,,,,,,,,,,
@bouv1s vc viu que saiu airpods 2? eu to com fogo pra trocar o meu... sem condiÃ§Ãµes guardar dinheiro assim,3.0,"fone de ouvido - bluetooth - airpods
por apenas 3x de r$ 39,97
frete grÃ¡tis
09:00:01 05/09/2019 - https://t.co/pmpmikih6i",0.0,,,,,,,,,,,,,
sera se vale a pena compra os airpods da apple,1.0,bom dia acabei de da descarga no meu airpods bom dia grande dia so a pessoa msi burra do brasil,1.0,,,,,,,,,,,,,
@mynaharker tomando seu the coffe diÃ¡rio e falando dos seus airpods,1.0,sonhei q estraguei os airpods fds,1.0,,,,,,,,,,,,,
@danie_c_a tem que trazer airpods pra mim,1.0,alba deixou o airpods dela comigo ğŸ¥°,1.0,,,,,,,,,,,,,
@ramos_j6 airpods da nÃ³zinha sÃ³ digo isto,1.0,e eu q comprei uma case de airpods do bt21 sendo q ainda nem tenho o airpods ğŸ˜‚ğŸ˜‚ğŸ˜‚ğŸ˜‚,1.0,,,,,,,,,,,,,
alguem me da um airpods,3.0,"jÃ¡ viram a facilidade que os ladrÃµes tem pra roubar airpods ? ğŸ˜

enquanto eu estiver a andar de bus aquilo eu nÃ£o posso comprar ğŸ˜©",1.0,,,,,,,,,,,,,
"bem q podia existir airpods a prova da Ã¡gua nÃ©, pra escutar mÃºsica no chuveiro",2.0,alguÃ©m me explica como Ã© que eu conecto os airpods ao iphone e que eu nÃ£o to a conseguir ğŸ™„,1.0,,,,,,,,,,,,,
"oh vÃ¡ lÃ¡, Ã©s mais do que dinheiro â€” quero mt comprar airpods https://t.co/k5ypixurga",3.0,"@xxxbutnotporn Ã© buÃ© fÃ¡cil mano, vais aos teus dispositivos bluetooth nas definiÃ§Ãµes do iphone e depois abres a tampa da caixa mas sem tirares os airpods lÃ¡ de dentro e esperas que apareÃ§a aquela cena a dizer a bateria dos airpods , depois clicas na cena do â€œiâ€ e pronto. https://t.co/dwgem0mzzj",1.0,,,,,,,,,,,,,
pensando se eu compro o airpods ğŸ¤”,1.0,"ninguÃ©m merece, esqueci de carregar meu airpods e agr n pss escutar mÃºsica pra ir pra escola",1.0,,,,,,,,,,,,,
serÃ¡ se eu seria burro o suficiente de comprar airpods e perder???,1.0,mas serÃ¡ q alguÃ©m me explica como Ã© q se alteram as definiÃ§Ãµes dos airpods?,2.0,,,,,,,,,,,,,
"falando sÃ©rio, quem vai me dar um airpods aÃ­?",3.0,@onofrx e custa menos de 10% do valor de um airpods,1.0,,,,,,,,,,,,,
eu derrubo meu airpods todo dia meu kkkkkkkk,1.0,"porra ahahahah isso nao se faz, estava aqui a toa agr vi sususu tirei ja meus airpods da caixa meti na orelha, cliquei no video e so estreia daqui a 15 horasğŸ˜­ğŸ˜­ğŸ˜­ğŸ˜­ https://t.co/f0dp7gqwj4",1.0,,,,,,,,,,,,,
"o prÃ³ximo iphone pode nÃ£o ter o carregamento sem fio reverso para os seus airpods,Â afinal https://t.co/ayagsvvb3n https://t.co/1wi52qh75s",1.0,seperti airpods cha junhoğŸ¤”ğŸ˜‚ğŸ˜‚ @x1members https://t.co/t9pnuwetqj,0.0,,,,,,,,,,,,,
comprar mis airpods o guardar dinerito para el 16 ğŸ¤”ğŸ¤”ğŸ¤”,1.0,"Ã© assim q se faz o pessoal entrar no seu perfil do insta. de um airpods pra alguem.

Ã© uq eles axam mas eu vendi https://t.co/nffsdxek2r",1.0,,,,,,,,,,,,,
"aceito um airpods de presente de natal 
#alÃ´mÃ£e",3.0,"comprei um airpods, esses fones sem fio to tomando uma coÃ§a p usar os dois tmnc",2.0,,,,,,,,,,,,,
"Ã­ris!! alguÃ©m ta a mudar a mÃºsica dos airpods, jÃ¡ mudou duas vezes
*iris chocada*
Ã­ris! parou a mÃºsica 
i- ahhh tas a tocar de lado nos airpods",2.0,"caros meninos do twitter, quando uma menina posta na tl â€œalguÃ©m me oferece auricularesâ€ estÃ¡ a se referir aos airpods. nÃ£o faÃ§am coisas de vergonha please. ğŸ˜",1.0,,,,,,,,,,,,,
ain ganhei um airpods ğŸ¤ª,3.0,"ba que vontade de fazer uma axademia, vou buscar um airpods sÃ³ pra meter um corpinho melhorn",1.0,,,,,,,,,,,,,
sÃ³ queria tomar banho com meu airpods o resto fodase,2.0,se eles lanÃ§am os airpods 3 com noise canceling agora depois de eu ter comprado os 2 imma fight someone,1.0,,,,,,,,,,,,,
quase infartei achando que eu tinha comprado um airpods no cartÃ£o,2.0,qeria mutio um airpods ooooo tristeza,3.0,,,,,,,,,,,,,
@vivenancius eu tenho um noise cancelling desses enormes. Ã© legal mas esquenta a orelha. os airpods sÃ£o muito convenientes mas nÃ£o tem o som tÃ£o bom quanto os grandes da sony.,3.0,queria mesmo era comprar uma capinha pro meu airpods,1.0,,,,,,,,,,,,,
ganhei um airpods ğŸ˜,3.0,perdi meus airpods ohhh merda,2.0,,,,,,,,,,,,,
comprei airpods na 25 de marÃ§o e agora to me achando kkk!,1.0,"enquanto o meu airpods nÃ£o chega, amanhÃ£ vou lÃ¡ comprar o fone sem fio da xiaomi",2.0,,,,,,,,,,,,,
@castelasforyou airpods da para substituir por outros wireless. se eu tivesse money usava a campanha da apple para comprar o ipad com a canetinha e eles davam uns beats wireless em relaÃ§Ã£o ao apple watch acredito que de mais jeito a ti que a mim que nÃ£o faÃ§o nenhum,3.0,alguÃ©m sabe onde tenha alguma rÃ©plica boa de airpods pra comprar?,1.0,,,,,,,,,,,,,
"@wakaya__ fds queria muito, o meu pc Ã© um calhamaÃ§o esquece nÃ£o dÃ¡ jeito nenhum 
perfeito era ter o combo completo:iphone,airpods,applewatch(o meu primo tem e pqp aquilo da mt jeito) e ipad",3.0,"era sÃ³ um apple watch, iphone xs max e um airpods na minha lifeeee",3.0,,,,,,,,,,,,,
"melhor coisa de ter airpods Ã© q posso ficar ouvindo musica sem ninguÃ©m saber, tipo agora na palestra de adm ğŸ¤ª",3.0,onde eu enfiei meu airpods,2.0,,,,,,,,,,,,,
droga esqueci de colocar meu airpods pra carregar,1.0,"merda tava a ouvir carti nos airpods e passou p a coluna,puta de ataque",2.0,,,,,,,,,,,,,
"@_silvaleo entao, eu tava pensando em usar mais pra correr ou sair a noite por aÃ­. eu tenho fones apple com fio, os airpods nao sao a msm coisa mas sem fio amiga? ou eh diferente? o diferencial da sony pra mim seria o noise cancelling",1.0,eu encosto no conector do fone e ele troca de mÃºsica e o problema n eh o fone pq eu tenho 3 e acontece com todos pqp n acredito q vou ter q comprar um airpods p poder ouvir mÃºsica em paz ajuda aÃ­ @apple,1.0,,,,,,,,,,,,,
"@bielzinho110520 nem, e ainda me deu um fone airpods kkkkk",1.0,"@joaquim_005 contÃ©m suas historinhas de quando perderam os seus airpods, no meu caso eu fiquei uns 30 minuto procurando quando fui ver tava no meu cu",2.0,,,,,,,,,,,,,
to tao triste serÃ¡ q alguÃ©m pode me dar um airpods?,3.0,queria muito os airpods sem fio,3.0,,,,,,,,,,,,,
"eu perdi a caixinha do meu airpods velho, eu to mto triste",2.0,"luiza pagou uma cota nos airpods e nÃ£o consegue gravar um Ã¡udio decente, sinceramente viu",2.0,,,,,,,,,,,,,
"@fcondemartins quanto a saturaÃ§Ã£o de iphones (e smartphones em geral) estÃ¡ no mÃ¡ximo e upgrades estÃ£o menos frequentes, nada como vender â€œadd-onsâ€ a essas pessoas.

eu fiquei rendido aos airpods e vejo-me a comprar um apple watch no futuro. ao que parece funciona",1.0,"tranformei airpods em 18k airgolds https://t.co/g0xouod2sb via @youtube

eu podia estar dormindo , mas to vendo esse vÃ­deo e nem airpod eu tenho ğŸ¤¦ğŸ¾â€â™‚ï¸",1.0,,,,,,,,,,,,,
"eu ğŸ¤ jisung

Ãºnicos pobres que nÃ£o tem airpods https://t.co/mknqa5ndhx",2.0,@na1souobrigada sÃ³ vÃ´ pedir pra comprar o airpods quando eu pagar ela kkkkk,1.0,,,,,,,,,,,,,
@henriquemm @sennheiserbr eh um airpods aqui,1.0,meus airpods chegam essa semana ğŸ™ğŸ™,3.0,,,,,,,,,,,,,
@perinazzoo fone airpods duplo led soltando teia 3.0 25gb duplo misto quente incrÃ­vel mesmo,1.0,perdi um lado do airpods kkkkkkkkkkkk,2.0,,,,,,,,,,,,,
olho para os novos earbuds da huawei e sÃ³ vejo os airpods da apple!,3.0,"preciso substituir meus airpods, os atuais jÃ¡ nÃ£o estÃ£o mais dando conta. hoje voltando para casa eles desligaram com 41% de bateria.",2.0,,,,,,,,,,,,,
"@vivenancius eu adoro os airpods, me surpreenderam",3.0,o dia que eu tiver airpods serei uma pessoa realizada,3.0,,,,,,,,,,,,,
putaria mesmo Ã© quando o celular e os airpods descarregam ao mesmo tempo.,2.0,em dÃºvida se compro o airpods ou n kkkk,1.0,,,,,,,,,,,,,
quero comprar os airpods ğŸ™„,3.0,parece tanto sp https://t.co/m4sbzzmkz5,1.0,,,,,,,,,,,,,
"airpods tinha q ter localizador, perco toda hora pqp",2.0,cade meu airpods q eu oerdi dnv?????????????? eu smp perco pqp,2.0,,,,,,,,,,,,,
nÃ£o acredito que perdi um dos lados dos airpods ya ğŸ˜”ğŸ˜”ğŸ˜”,2.0,"@bluepjmin camisolas largas q nÃ£o se vejam os calÃ§Ãµes, colar de conchas, garrafa tÃ©rmica, elÃ¡stico para cabelo, coque frouxo, vans, airpods, perfume da victoria secrets e Ã© nisso q se resume aaaaaaa e canudos de metal",1.0,,,,,,,,,,,,,
huawei incorpora cancelamento ativo de ruÃ­dos em seus â€œclonesâ€ dos airpods https://t.co/7c0trtjqne,1.0,@apple manda um airpods tbm,3.0,,,,,,,,,,,,,
to triste perdi meu airpods,2.0,@joananeto2 pq compraste airpods anyway? qnd te perguntei o que achaste de eu comprar disseste que era dinheiro mal gasto ;-;,2.0,,,,,,,,,,,,,
@ikurvzc acabaste mesmo sÃ³ falta os airpods e os sapatos mocassim ğŸ˜•,3.0,@joananeto2 ent e os airpods?,1.0,,,,,,,,,,,,,
@vivenancius completamente apaixonado pelos airpods,3.0,queria de volta meu airpods que levaram ! ğŸ˜”,1.0,,,,,,,,,,,,,
@letyleald compra airpods,3.0,"fico admirado com quem usa airpods, quando eu olho sÃ³ me imagino perdendo um dos fones no primeiro dia de uso",2.0,,,,,,,,,,,,,
"a um dia do novo evento da apple, recupero este grÃ¡fico da @qz. tempos interessantes em que o lucro da empresa passa cada vez mais pelos wearables, como o apple watch e airpods, e nÃ£o pelo iphone. https://t.co/j9dyurrh3p",1.0,"o mano tÃ¡ aqui no eskada c airpods, ele vive em 3019",3.0,,,,,,,,,,,,,
amigas estou pensando em fazer uma loucurinha e investir em bons fones de ouvido. to namorando um da sony com noise cancelling mas pensando tbm em airpods. vcs gostam dos airpods?,1.0,"vei, perdi meu airpods( o lado esquerdo)
mano",2.0,,,,,,,,,,,,,
"andre roubou meu telefone e meu airpods p escutar iron maiden, grande dia ğŸ‘",1.0,"crl que Ã³dio mano, tava atravessando correndo aÃ­ um lado do airpods caiu e o carro passou em cima vtncccc",1.0,,,,,,,,,,,,,
serÃ¡ que a apple esqueceu de enviar o meu airpods? um sÃ©culo pra chegar,2.0,to triste alguÃ©m me dÃ¡ um airpods ğŸ˜­,3.0,,,,,,,,,,,,,
meus airpods chegaram ğŸ˜ğŸ˜ğŸ¤©ğŸ¤ª,3.0,funcionÃ¡rios do metrÃ´ de nova york estÃ£o muito cansados â€‹â€‹de pegar airpods perdidos https://t.co/t4gykbnaxm,1.0,,,,,,,,,,,,,
ok mas realmente uns airpods faziam mt jeito ://,3.0,alguÃ©m pode me oferecer uns airpods sff,3.0,,,,,,,,,,,,,
meu padrasto mora do outro lado do mundo e me mandou um airpods,3.0,Ã© pedir muito um airpods e watch??? jesus,3.0,,,,,,,,,,,,,
eu desisti do povo da minha sala quando a menina confundiu a caixa do meu airpods com um apontador,1.0,"@exitfps airpods machuca minha orelha, vendi o meu pro yujao",2.0,,,,,,,,,,,,,
compra airpods n vale a pena,2.0,"@_geto compra o airpods e um da hyperx, gg",1.0,,,,,,,,,,,,,
eu vou voltar a ter meus dois lados do airpods â¤ï¸â¤ï¸â¤ï¸,2.0,a bateria do airpods dura mais que 4 horas ?  pq meu jbl tÃ¡ durando isso e eu n queria trocar de fone por um que dure a mesma coisa.,1.0,,,,,,,,,,,,,
os airpods https://t.co/tvgijvfusc,1.0,eu sÃ³ queria uma capinha pro meu airpods,1.0,,,,,,,,,,,,,
hyuck e seus airpods vermelhos combinando com a blusa https://t.co/kr0hjwfu6w,1.0,queria um airpods,3.0,,,,,,,,,,,,,
"perdi os  airpods,e hoje um senhor deu-me juro que fiquei feliz",3.0,quero tanto uns airpods :(,3.0,,,,,,,,,,,,,
n vo conseguir um airpods nunca?!)72!:72!:?2,2.0,queria tÃ¡ comprando os airpods q eu gosto,1.0,,,,,,,,,,,,,
quem tem airpods... vale a pena? to quase comprando aqui hahahha,1.0,"ameeeeeem irmÃ£os, vem ios 13, vem iphone xi, vem airpods 3, o resto eu caguei mesmo https://t.co/0xax79di8o",3.0,,,,,,,,,,,,,
"meu fone de ouvido tÃ¡ estragando de um lado
alguÃ©m me dÃ¡ um airpods â™¥ï¸",3.0,"vei, perdi meu airpods 
mano",2.0,,,,,,,,,,,,,
@williansoaresbb jÃ¡ trÃ¡s os airpods pra eu viu? de presente â™¥ï¸,1.0,Ã© normal perder os airpods constantemente?,2.0,,,,,,,,,,,,,
saudades dos meus airpods... nÃ© @analu_bhaeffner,3.0,"funcionÃ¡rios do metrÃ´ de nova york estÃ£o muito cansados â€‹â€‹de pegar airpods perdidos

https://t.co/iee0v5lxjo",2.0,,,,,,,,,,,,,
o tanto de dinheiro q eu gasto com fone dava p ter comprado um airpods jÃ¡,2.0,sÃ³ um airpods pra me fazer feliz hj,3.0,,,,,,,,,,,,,
"@fesantossp bem vindo ao mundo incrÃ­vel de airpods do qual vocÃª nunca mais sairÃ¡.
serei seu guia.",3.0,cheguei num nÃ­vel de nÃ£o conseguir mexer no celular sem meu airpods,3.0,,,,,,,,,,,,,
acho uma graÃ§a esses estudantes da puc querendo parecer pobre com airpods no ouvindo e pagando 4mil de mensalidade k,1.0,tenho de comprar uns airpods urgentemente,3.0,,,,,,,,,,,,,
alguÃ©m pfvv me vende um airpodsğŸ˜”ğŸ˜­ğŸ˜­,3.0,gnt eu to surtando com um airpods. alguÃ©m por favor pode vender um rim e comprar um pra mim???,3.0,,,,,,,,,,,,,
"gente eu achei um airpods, to um nojo",2.0,e minha amiga que ta vendendo a caixa do airpods dela pq o cachorro dela comeu os fones (detalhe: com um mÃªs de uso) rindo com respeito,1.0,,,,,,,,,,,,,
"sinceramente, eu queria mesmo Ã© que a apple tivesse a decÃªncia de criar um formato diferente pra o airpods que parece um cotonete preso no ouvido.  #appleevent",2.0,melhor investimento da minha vida foi nesse airpods assim n ouÃ§o as bobajada q o bolsominion fala na aula dele,3.0,,,,,,,,,,,,,
perdi meu airpods fala se fodeu,2.0,@silvermzt eu to com o meu 8 plus ja faz um ano e o cabo ainda ta de boa... uso um pra carregar o celular e outro p carregar o airpods,1.0,,,,,,,,,,,,,
"niggas na night com airpods na orelha, eu jÃ¡ sei em que nÃ­vel de flexaria estamos mesmo...",3.0,nunca agradeci tanto por ter airpods. amanhÃ£ Ã s nove da manhÃ£ vou enfiar essa merda no ouvido e escutar atÃ© o cu cair da bunda porra e foda-se Ã  aula Ã´ boceta,3.0,,,,,,,,,,,,,
lente de contato sÃ£o os airpods do olho e o oculos de grau sÃ£o os fones https://t.co/7tofsgwh1m,1.0,"- comprei meus airpods chiquÃ­ssima no chinÃªs 
to um nojo",1.0,,,,,,,,,,,,,
"boa tarde amigos alguÃ©m tem um fone original apple (tambÃ©m aceito airpods) pra me doar? se alguÃ©m tiver, me liga ğŸ¥°ğŸ˜Œ vlw",3.0,meu #whitepeopleproblems de hoje consiste em ter que adiar a ida Ã  academia porque esqueci de colocar os airpods pra carregar ğŸ¤¦ğŸ¼â€â™‚ï¸ğŸ˜’,2.0,,,,,,,,,,,,,
fotooooo do airpods pintado â€” ja coloquei ai respondendo uma pessoa olha na minha midia q vocÃª acha https://t.co/7pfyzehwsp,1.0,funcionÃ¡rios do metrÃ´ de nova york estÃ£o muito cansados â€‹â€‹de pegar airpods perdidos https://t.co/5qtwqrisif,2.0,,,,,,,,,,,,,
"acabei de ver no metrÃ´ uma velinha com uns 90 anos, bengalinha e airpods, achei perfeita",1.0,"problemas do primeiro mundo... rsrsrs

funcionÃ¡rios do metrÃ´ de nova york estÃ£o muito cansados â€‹â€‹de pegar airpods perdidos https://t.co/r9bcau5bi7",2.0,,,,,,,,,,,,,
"e nepia, nÃ£o venham dar flex dos vossos airpods",1.0,crÃ´nicas de um airpods https://t.co/18y9kthsud,1.0,,,,,,,,,,,,,
"@evefavretto vi q vc tem o wh-ch700n. como tÃ¡ sendo a experiÃªncia?

tenho um airpods e to pensando em vender e pegar um desse. no meu novo trabalho os airpods nÃ£o sÃ£o Ãºteis",2.0,mal comprei os airpods e ja quase perdi na academia puta merda,2.0,,,,,,,,,,,,,
alguem me da um airpods de presente?,3.0,"deus abenÃ§oe os airpods que minha mamÃ£e fofa me deu. porque tÃ¡ tocando uma mistura de gospel com sertanejo no uber, eu nÃ£o quero nem falar sobre.",3.0,,,,,,,,,,,,,
@carrosfedem de airpods â„¢ no ouvido tu toca sineta berra pra criatura sair e ela nem tchum,1.0,aaaaaaaaa (n tenho airpods) https://t.co/yjb3dhrduz,1.0,,,,,,,,,,,,,
"o susto meu pai, botei a mÃ£o no bolso e nÃ£o senti os airpods",2.0,"pior que Ã© mt bom, pq vc ta chorando airpods????",1.0,,,,,,,,,,,,,
perdi meus airpods de novokkkkkkkkkkkk rindo de nervoso pq dessa vez eu nÃ£o sei se eu vou achar,2.0,funcionÃ¡rios do metrÃ´ de nova york estÃ£o muito cansados â€‹â€‹de pegar airpods perdidos https://t.co/xsy7draqtn,2.0,,,,,,,,,,,,,
queria tanto os airpods..............,3.0,"pra quem acha que a apple Ã© infalÃ­vel em design, os airpods sÃ£o sÃ³ um exemplo de produto falho da empresa (na boa, eles nÃ£o deviam cair tanto da orelha da galera) https://t.co/upt0srmxho",2.0,,,,,,,,,,,,,
bklz e eu q pintei o airpods de preto,2.0,@crg2o @dse7e nÃ£o faÃ§o ideia. opÃ¡ nÃ£o foi barato mas vi a comparaÃ§Ã£o entre estes e os airpods e estes sÃ£o melhores no som e sÃ£o mais difÃ­ceis de perder.,2.0,,,,,,,,,,,,,
nova mania dos meus amgs: roubar meus airpodsğŸ‘ğŸ‘ğŸ‘ğŸ‘,1.0,"- use airpods, ou fones sem fio - https://t.co/mmmrs0agoj",3.0,,,,,,,,,,,,,
perdi meu airpods ğŸ¤¯ğŸ˜­,2.0,"cassi me deu o airpods, perfeito ğŸ˜ğŸ˜",3.0,,,,,,,,,,,,,
huawei aposta em anti-airpods com cancelamento de ruÃ­do. portugal estÃ¡ incluÃ­do. https://t.co/xsavschfun https://t.co/ii8ga4posk,1.0,a alba nÃ£o quer me emprestar o airpods dela,1.0,,,,,,,,,,,,,
preciso de airpods ğŸ¥µ,3.0,liked on youtube: esse fone foi feito para vocÃª nÃ£o precisar dos airpods da apple - redmi airdots https://t.co/tpmjdwypog,0.0,,,,,,,,,,,,,
alguÃ©m que me compre uns airpods por favorğŸ¥ºğŸ¥º,3.0,tÃ¡tica anti furto. minha personalizaÃ§Ã£o da case do meu airpods. https://t.co/1etkw2igzn,1.0,,,,,,,,,,,,,
andava jÃ¡ hÃ¡ muito tempo a pensar comprar uns airpods e finalmente comprei,3.0,@igor26rr airpods com caixinha?,1.0,,,,,,,,,,,,,
os airpods estÃ£o a perder a capacidade da bateria ğŸ˜¢,2.0,amg meu comprou um airpods e me deu o normal dele. ajudem os necessitados cm eleğŸ™ƒ,3.0,,,,,,,,,,,,,
sou mt irresponsÃ¡vel p ter airpods toda hora Ã© um infarto diferente achando que perdi essa merda,2.0,"quero muito aqueles fones bluetooth estilo airpods mas aqueles mais baratos, alguÃ©m sabe aonde vende um bom?????",1.0,,,,,,,,,,,,,
huawei lanÃ§a rival dos airpods com cancelamento de ruÃ­do. portugal incluÃ­do https://t.co/ev8oxbo8a9 https://t.co/utootbtjhk,1.0,sdds airpods ğŸ˜,3.0,,,,,,,,,,,,,
huawei lanÃ§a rival dos airpods com cancelamento de ruÃ­do. portugal incluÃ­do https://t.co/txvscu4l2d https://t.co/ypq6l5oqjs,1.0,como eu vivi tanto tempo sem os airpods meu deus,3.0,,,,,,,,,,,,,
huawei lanÃ§a rival dos airpods com cancelamento de ruÃ­do. portugal incluÃ­do https://t.co/ctc2vlxgf9 https://t.co/wgyo6rpgqm,1.0,e eu q hj fiquei de airpods na aula assistindo a 15Âª temporada de greyâ€™s anatomy ğŸ¤©,3.0,,,,,,,,,,,,,
huawei aposta em anti-airpods com cancelamento de ruÃ­do. portugal estÃ¡ incluÃ­do https://t.co/fxpftis0fd https://t.co/3xcalpzd4p,1.0,airpods revolucionaram minhas aulas de fisica,3.0,,,,,,,,,,,,,
me controlando pra nÃ£o comprar um airpods,3.0,perdi os meus airpods ohhhhhhhhhhhhhhhhhhh merda,2.0,,,,,,,,,,,,,
o fdp do meu sobrinho fez o favor de quebrar meus airpods e eu sÃ³ nÃ£o quebro os dedos dele pq nÃ£o posso,3.0,meu airpods virou comunitÃ¡rio pro povo lÃ¡ da sala tbm skskskkd,1.0,,,,,,,,,,,,,
um airpods Ã© com ctz o meu sonho de princesa,3.0,"essa multa jÃ¡ era o airpods que eu queria, mas vou correr atrÃ¡s que semana que vem eu compro",2.0,,,,,,,,,,,,,
to so com iphone e airpods rlx q daqui uns dias do postando foto com o coleÃ§Ã£o completa https://t.co/obpzn6pb3f,1.0,e eu q n faz nem uma semana q ganhei o airpods e perdi a caixinha q carrega ele ğŸ˜­ğŸ˜­ğŸ˜­ğŸ˜­ğŸ˜­ğŸ˜­ğŸ˜­ğŸ˜­,2.0,,,,,,,,,,,,,
@renjunakes mas Ã© mais barato e vai resolver o problema por um tempo atÃ© tu conseguir dinheiro para comprar o airpods,1.0,"perdi os meus airpods, amazing",2.0,,,,,,,,,,,,,
@renjunakes eh mona compre um airpods,3.0,"airpods sÃ£o uma coisa louca, vocÃª esquece que eles estÃ£o nas suas orelhas, tira a blusa e eles vÃ£o parar na casa do caralho, entra no banho com eles e estraga",1.0,,,,,,,,,,,,,
@renjunakes kkkkkkkkkkkkkkkkkkkkkkkkkkkkkk entÃ£o para que tu vai comprar um airpods????,3.0,so queria encontrar o case do meu airpods,1.0,,,,,,,,,,,,,
mas aÃ­ tu vai ter que tirar os airpods para carregar https://t.co/syapasg7kj,2.0,comprei um airpods tÃ´ me sentindo uma burguesa safada,1.0,,,,,,,,,,,,,
sÃ³ queria mostrar os meus airpods o meu iphone e o meu apple watch tutupom! https://t.co/2tk9ybdqhn,1.0,"@portalshawnbr_ mano, ele nÃ£o tira o airpods nÃ£o???",1.0,,,,,,,,,,,,,
"meu irmÃ£o me dizendo aqui que tÃ¡ esperando o dÃ³lar baixar pra comprar um airpods kkkkkkkk

eu dei uma gaitada tÃ£o grande e disse pra ele que tem mais de 2 anos que o povo tÃ¡ esperando dÃ³lar baixar e nÃ£o baixa kkkkk chamei ele sÃ³ de coitado e iludido

aÃ­ ele veio dizer+",3.0,airpods sana hahshaha,3.0,,,,,,,,,,,,,
medo de comprar esses airpods e ser roubado ğŸ¥º mundo tÃ³xico,2.0,quero um airpods ... ğŸ¤”,3.0,,,,,,,,,,,,,
"obrigado vc mateus_henrique06 por mais uma compra. aproveite o fone. 
https://t.co/sabffoomw3
whatsapp (31) 99557â€“1839
#entregagarantida #conradoimportados #importados #fone #foneapple #apple #appleairpods #airpods #som https://t.co/lxfsqg8iqp",3.0,ficar c os airpods sem bateria a meio do dia Ã© :(((((,2.0,,,,,,,,,,,,,
airpods pq tao caros....,2.0,meu fone quebrou um lado preciso comprar um airpods logo.,3.0,,,,,,,,,,,,,
meu airpods caiu no estacionamento da ufam,1.0,"um dos fones de ouvido meu nÃ£o estÃ¡ funcionando deuxxx, sofroooo!! deus tira da minha cabeÃ§a de querer fazer uma dÃ­vida agora e querer um airpods",2.0,,,,,,,,,,,,,
nao consigo confiar mais no gui no momento em q tamos a ouvir mÃºsica nos airpods e ele mete justin bieber e gailo Ã© o troco,1.0,"quem consegue comprar o airpods original Ã© patrao demais, bglh Ã© o piratao mrm",1.0,,,,,,,,,,,,,
"@ntsayt presumo que sÃ£o auricular do iphone que quebraram os fios, aÃ­ ficou tipo airpods! eu aqui procurando ele jÃ¡ tem que nÃ© acaba carga!ğŸ˜¹ğŸ˜¹ğŸ˜¹ğŸ˜¹",2.0,sÃ³ por buscar meus airpods ğŸ˜,1.0,,,,,,,,,,,,,
@sofyanejr nul les airpods c d lâ€™arnaque,1.0,"comprei um airpods na apple e roubaram a minha encomenda. sim, alguÃ©m roubou. eu fiquei chateada, porque nÃ©, trabalho duro para comprar minhas coisinhas, e isso acontecer Ã© complicado. mas jÃ¡ tinha me conformado que as pessoas sÃ£o assim, gostam de sentir que saÃ­ram por cima.",1.0,,,,,,,,,,,,,
@mavava101 cela ama airpods ğŸ˜‚,3.0,airpods Ã© algo muito supÃ©rfluo?,1.0,,,,,,,,,,,,,
e eu que perdi um lado dos meus airpods ğŸ˜­,2.0,vale a pena dar 150 reais numa rÃ©plica de airpods?,1.0,,,,,,,,,,,,,
aproveitando a deixa..... alguem me da um airpods ğŸ¥ºğŸ¥ºğŸ¥ºğŸ¥º,3.0,@marcomiinii compra meu airpods,3.0,,,,,,,,,,,,,
indo pra escola apenas pra fazer bagunÃ§a e procurar a droga do meu airpods que sumiu,1.0,vo compra um airpods fodase vai que eu morro amanhÃ£,3.0,,,,,,,,,,,,,
@ntsayt sao airpods? ğŸ˜‚ğŸ˜‚ğŸ˜‚,1.0,@filipee_26 vai jogar na mÃ¡quina dos matrecos e vÃª se ganhas os airpods,1.0,,,,,,,,,,,,,
"@ntsayt @leon_el_ias earpods*

airpods sÃ³ podem ser pra kika memoğŸ˜‚",1.0,"@kaori_c_m amiga eu tenho o redmi airpods da xiaomi acho nega bom, pode ficar mega alto se voce quiser e eu ando uns 15 metros pra comeÃ§ar a falhar, mandarei fotos, pq airpod Ã© a melhor coisa odeio dois",2.0,,,,,,,,,,,,,
o melhor cafÃ© da manhÃ£ Ã© spotify premium com airpods,3.0,queria um airpods pra poder ficar ouvindo mÃºsica na aula,3.0,,,,,,,,,,,,,
dites lui de me donner ses airpods rouges enft ksksksksksks https://t.co/uhamkybdpj,1.0,"@gab_chase sofro que tudo da xiomi Ã© bom nÃ© lenda, comprei o redmi airdots e pqpppp bota o airpods da apple pra mamar atÃ© engasgar",2.0,,,,,,,,,,,,,
"bom dia, roubei os airpods do pedro, deixei ele dormindo e to indo trabalhar kkkkkkk",1.0,sÃ³ queria um airpods nada mais ğŸ¤§ğŸ¤§,3.0,,,,,,,,,,,,,
hm o donghyuck pintou os airpods de vermelho https://t.co/bav8mxb4h0,1.0,o meu airpods desconectou do celular e comeÃ§ou a tocar the archer bem alto no corredor da escola https://t.co/lv0uhdeqh6,1.0,,,,,,,,,,,,,
ca a des airpods mais ca a des iphone 5,1.0,alguÃ©m que me compre airpods,1.0,,,,,,,,,,,,,
os novos fones de ouvido da huawei foram desenvolvido para dispositivos com menor consumo de energia https://t.co/aadczuo0gk #tecmundo,1.0,ta o uber q eu peguei eh mto rico ele tem tv no carro iphone xs airpods e um relogio q parece ser mo caro ta,1.0,,,,,,,,,,,,,
airpods foi a melhor invencao feito atualmente,3.0,o bom de ter airpods Ã© q seu cel no quarto e na cozinha ouve notificaÃ§Ã£o juntamente com a mÃºsica e pode ignorar todas notificaÃ§Ãµes hsuajsiajsua,3.0,,,,,,,,,,,,,
"eletrÃ´nicos e acessÃ³rios como: caixinhas jbl.
fones bluetooth. eletrÃ´nicos de suporte para jogos. fones airpods tws i9s. relÃ³gios inteligentes. acessÃ³rios para computador e celular. caixinha bluetooth para banheiro aprova de Ã¡gua.. vem com a bronx ğŸ‡§ğŸ‡·âœˆ mais coisas no instagram. https://t.co/lbjzitpjw5",1.0,"for sales
super promo ğŸ”¥ğŸ”¥ğŸ”¥ğŸ”¥

airpods apple ğŸ 
- selado 

preÃ§o : 10.500mts

ligue/sms : 842120143 https://t.co/0byym8k6dj",0.0,,,,,,,,,,,,,
queria q deus tocasse no coraÃ§Ã£o da minha mÃ£e pra ela comprar meu airpods e um moletom pelamodi deus ğŸ˜«ğŸ˜«ğŸ˜«,3.0,o airpods e o piercing pqp amooooo https://t.co/1q1onqnafp,3.0,,,,,,,,,,,,,
vou ter que vender minha camiseta da prada pra comprar airpods,2.0,"saudades dos meus airpods, saudades :(",2.0,,,,,,,,,,,,,
@mypereira1 comprou meu airpods n podia estar mais feliz,3.0,"o que mais me espanta nessa foto Ã© que airpods podem ser coloridos????

gyeheon jÃ¡ ta me espantando com esse novo look desde os teasers, nem fico mais surpresa https://t.co/xtmzpdaiij",1.0,,,,,,,,,,,,,
era sÃ³ um airpods para eu ficar feliz,3.0,"white girl problem do dia:
estraguei um dos meus airpods, Ã© isto.",2.0,,,,,,,,,,,,,
ouvindo nos meus airpods  https://t.co/fsrck2y3dh,3.0,"eu nÃ£o queria, mas vou vender meu airpods ğŸ˜­ğŸ˜¡",2.0,,,,,,,,,,,,,
"molecada da base estÃ¡ vindo forte !!

essa semana tem 2 airpods pra entregar no ninho do urubu!!

obg deus !",3.0,pior coisa que a apple jÃ¡ fez! sÃ³ pra obrigar as pessoas a comprarem o airpods ğŸ™„,2.0,,,,,,,,,,,,,
alguÃ©m leva um airpods p me emprestar amanhÃ£ please,1.0,eu jÃ¡ perdi o airpods 10x sÃ³ hoje,2.0,,,,,,,,,,,,,
meu irmÃ£o me deu um airpods de presente de aniversÃ¡rio aaaaaaa,3.0,quem vai me dar um airpods de aniversÃ¡rio????,3.0,,,,,,,,,,,,,
airpods Ã© um caminho sem volta,3.0,ela perdeu perdeu meus airpods,1.0,,,,,,,,,,,,,
"perdi a porra do meu fone, agr Ã© a hora de comprar airpods",3.0,"queria taaaanto airpods, mas sÃ³ vendendo o prÃ³prio celular pra adquirir um ğŸ¤£",3.0,,,,,,,,,,,,,
"queria ser que nem luscas, reclamar no twitter que nÃ£o tem fone e ganhar airpods no dia seguinte",3.0,"ai eu aceitei o nÃ£o e pedi um airpods, d levei outro nÃ£o rsrsrs dias de luta dias de glÃ³ria meus camaradas",1.0,,,,,,,,,,,,,
sÃ³ queria um airpods,3.0,@marchwill nao esquece de fazer o vÃ­deo que prometeu falando da skin do seu airpods black. valeu!!!,1.0,,,,,,,,,,,,,
melhor coisa que fiz foi comprar esse airpods a apple da aula  ğŸ˜,3.0,fiquei 20min vendo um cara fazer um airpods de ouro,1.0,,,,,,,,,,,,,
"meu pai deu um airpods pro meu irmao 
e pra mim ele mandou um pacote de absorvente
a b s o r v e n t e",3.0,@angellktty @_hdias_ nem airpods tenho,2.0,,,,,,,,,,,,,
"@isa_ghattas1 
meu cabelo
risada
colegio
rino
mtos tÃªnis
estilo
seu cabelo
carro
airpods",1.0,ganhei um airpods com entra p2 do meu primo,1.0,,,,,,,,,,,,,
"@pena_pedrol airpods tem, mas me pagar nÃ£o tem nÃ©",1.0,so de raiva final do mes vou comprar um airpods pra flex na gabriela tbm,1.0,,,,,,,,,,,,,
"mano chegou meu airpods, to mto feliz",3.0,me tornei quem eu mais temia: uma pessoa usando airpods kkkk https://t.co/1fdzwdfsbx,3.0,,,,,,,,,,,,,
"nÃ£o posso baixar o aliexpress, jÃ¡ quero comprar atÃ© capinha pro airpods",1.0,acabei de descobrir que minha vida foi uma ilusao pq eu achava que a partir do iphone 8 o fone era airpods sem fio,1.0,,,,,,,,,,,,,
"o menino postou assim no instagram 

""iphone de fulaninho - 10%
apple watch de fulaninho - 7%
airpods de fulaninho - 16%
estojo dos airpods - 5%""

ele quer mostrar que tem a coleÃ§Ã£o inteira da apple https://t.co/50dqq8fbgj",1.0,"meu pai comprou um airpods do amigo gringo dele, os surtos",1.0,,,,,,,,,,,,,
caralho tom tira esse airpods do ouvido por um segundo mermao,2.0,"eu passo tanto tempo com os airpods no ouvido que quando eu nÃ£o tÃ´ eu acho q eu tÃ´ e quando eu do eu acho que eu nÃ£o to 

entenderam",1.0,,,,,,,,,,,,,
@siteptbr os airpods,1.0,"[03/09 20:51] igrr: https://t.co/cyfmgkajku - transformei airpods em 18k airgolds
[03/09 20:51] igrr: fazer com o teu na aula da vanessa",0.0,,,,,,,,,,,,,
e o rafael que vai me dar um airpods,1.0,"eh pre requisito ter airpods pra treinar aqui onde eu treino bixo
todo mundo usa",1.0,,,,,,,,,,,,,
"o que jaemin nÃ£o esperava era que o tal  zc2211 fosse chenle o menino transferido e mais problemÃ¡tico da escola que estava sempre com cara de poucos amigos sendo seguido se suas vestes pretas e seus inseparÃ¡veis airpods ou tambÃ©m aquele por quem jaemin tinha um certo ""crush""",1.0,a esta hora tava a pausar de airpods e nÃ£o precisava de vos mendigar,1.0,,,,,,,,,,,,,
preciso de um lindo par de airpods,3.0,@diegogon669 e serio tbm tenho um pouco de ourÃ³ pra dar pro cadeirante grisalhao fazer um airpods 18k pra mim,2.0,,,,,,,,,,,,,
Ã© da maneira q compro uns airpods ğŸ˜­,1.0,"terminar o namoro Ã© ruim, mais vocÃª jÃ¡ perdeu um fone do seu par de airpods? isso sim parte o coraÃ§Ã£o....",2.0,,,,,,,,,,,,,
dormir com airpods eh acordar e perder 5minutos procurando eles pelo quarto,2.0,@hugartbyligion quero esse aq oh https://t.co/weqbm20ky5,1.0,,,,,,,,,,,,,
"os fones concorrente dos airpods sÃ£o todos quadradÃµes, puts",3.0,sÃ³ conseguem ver a potÃªncia mÃ¡xima dos airpods quando tÃ¡ tudo em silÃªncio,2.0,,,,,,,,,,,,,
so um airpods agora,3.0,comprar airpods para estar a ouvir mÃºsica bem alto com o cabelo solto a tapar os fones e ignorar toda a gente pq eu posso ğŸ¤ª,3.0,,,,,,,,,,,,,
"freebuds 3 da huawei se parece com os airpods, mas sÃ£o melhores -&gt; https://t.co/svlq0ampn6 #huawei #freebuds3 | por @prkinast https://t.co/woz51tczcc",1.0,@gabihmn_ infelizmente meus airpods estao descarregados e eu acho que eu esqueci a caixinha na chanel ğŸ¥µğŸ¥µ,1.0,,,,,,,,,,,,,
sÃ³ um airpods na minha life,3.0,"so qro q passa logo meu aniversario p mim ganha meus airpods logo, odeio niver, parece q a pessoa Ã© obrigada a te parabenizar pq vc nasceu nesse dia, pelo menos no meu caso nngm me da parabens ou uma festa surpresa",3.0,,,,,,,,,,,,,
"achei o boy daÃ­ fomos pra um quarto lÃ¡ q sÃ³ tinha 4 pessoas, elas estavam dormindo daÃ­ tÃ¡ pedi pra pegar a camisinha (que era uma capinha de airpods?Â¿) skdkdkkdkdkdkkdkd que crl que minha cabeÃ§a tÃ¡ maquinando?",1.0,sÃ³ queria uma capinha do dumbo pro meu airpods saco,1.0,,,,,,,,,,,,,
airpods uma das melhores coisas inventadas,3.0,"quero uns airpods, vamos lÃ¡ comeÃ§ar a poupar",3.0,,,,,,,,,,,,,
@parkerson_ vc tem airpods doidoh,1.0,"â€œperdi 50% da minha postura de bandido mauâ€ disse lucas, o filho Ãºnico, com seus airpods, jaquetinha north face padrÃ£o colÃ©gio positivo com um total de 0 pelos no saco.",1.0,,,,,,,,,,,,,
cnco acabou com meu plano de comprar meus airpods,1.0,vou comeÃ§ar a vender airpods separados. esta merda vende rÃ¡pido,1.0,,,,,,,,,,,,,
"@shanetwts nÃ£o sei, vai que vocÃª meus airpods.",1.0,procuro namorada pra me dar um airpods ou air dots...,1.0,,,,,,,,,,,,,
ok mas dÃªem me ideias de como roubar os airpods ao meu pai,1.0,"desisto dos meus ""airpods""",2.0,,,,,,,,,,,,,
so queria um airpods,3.0,espero q meus airpods nÃ£o quebrem tÃ£o rÃ¡pido,1.0,,,,,,,,,,,,,
perdi os meus airpods tou a chorar por dentro,2.0,jÃ¡ tÃ£o a expor a cara nessas fotos sÃ³ para mostrar os airpods ahahahaha https://t.co/pwmexc1xrh,1.0,,,,,,,,,,,,,
o meu babe deu me uns airpods h3h3,3.0,"queria um airpods, o problema Ã© sÃ³ o preÃ§o",2.0,,,,,,,,,,,,,
jogador do santos com um airpods,1.0,queria ter um airpods mas nÃ£o tenho dinheiro pra isso,2.0,,,,,,,,,,,,,
eu nem preciso usar fone porque eu to no meu quarto posso botar mÃºsica se quiser mas to muito animada com esses airpods,3.0,to puta pq esqueci meu airpods ğŸ¥µ,1.0,,,,,,,,,,,,,
"pegadinha de youtuber gringo: cortando os fio do fone de ouvido das pessoas estranhas no sustoâ€¦ e dando airpods pra substituir. ğŸ¤”ğŸ¤¨ 
eu ia ficar bem p da vidaâ€¦ ğŸ˜¤ https://t.co/iphmz2n4mg",3.0,o grave de um dos meus airpods ta muito estranho,1.0,,,,,,,,,,,,,
"sim, era so um airpods na minha vidinha https://t.co/l33oe9ryow",3.0,"igor levou meu airpods p casa ğŸ˜”

a volta Ã© triste sem mÃºsica",1.0,,,,,,,,,,,,,
nÃ£o estou acreditando que perdi meu airpods,2.0,"fudeu, perdi meu airpods ğŸ™„",2.0,,,,,,,,,,,,,
@marceladuarte_ gpi a los airpods maldita,1.0,minha prima â€œroubouâ€ meus airpods durante 1 semana inteira Â¿Â¿,1.0,,,,,,,,,,,,,
@suckerguyz Ã© pq vc nunca viu airpods,1.0,quero mt uns airpods,3.0,,,,,,,,,,,,,
ver socialista usando airpods Ã© uma coisa que me deixa feliz,1.0,o gajo tem airpods comeq alguÃ©m recusa isto https://t.co/7mcl3pqupy,1.0,,,,,,,,,,,,,
ganhei um airpods porra to mt feliz,3.0,a caixinha do meu airpods ta toda arranjada puta q pariu,1.0,,,,,,,,,,,,,
@sebaspareja99 paso 1: comprar airpods (?),1.0,alguÃ©m me dÃ¡ um airpods,1.0,,,,,,,,,,,,,
airpods: melhor produto da apple sim.,3.0,embora nenhum usuÃ¡rio de airpod que eu conheci assumiu que eles caiam da orelha temos aqui uma matÃ©ria interessante https://t.co/vlpjhszk2b,1.0,,,,,,,,,,,,,
"""nada a ver ser fÃ£ de marcas de eletrÃ´nicos, iphone Ã© superestimado, etc""

xiaomi: a

eu: quero um a3, um band 4 e airpods aaaaaa",1.0,"plus aquele loiro todo torto de ontem, com os seus airpods a ouvir mÃºsica no spotify. olhei para trÃ¡s e ele jÃ¡ estava a olhar ğŸ¥´ğŸ¤­",1.0,,,,,,,,,,,,,
@majinoire4 ta pas de airpods ?,1.0,@xicamaria11 *airpods suponho eu,1.0,,,,,,,,,,,,,
queria ter um airpods porem minha mae disse que eu ia perder e ela ta certa,2.0,oloco! https://t.co/rqd51o4e0u,1.0,,,,,,,,,,,,,
se eu tivesse airpods essa shit durava uma semana cmg,2.0,alguÃ©m pode me dar um airpods de presente?,1.0,,,,,,,,,,,,,
tou-me a sentir muito merda por nÃ£o saber dos airpods fds sou um lixo humano,1.0,@anathaismatos era sÃ³ ter comprado um airpods ğŸ˜…,3.0,,,,,,,,,,,,,
"tem um submundo no youtube que Ã© sobre rÃ©plicas dos airpods, sÃ³ queria dizer que os engenheiros da china sÃ£o maravilhosos",1.0,comprar airpods,3.0,,,,,,,,,,,,,
@chuchuinhame @_laurahoff fds eh um airpods,2.0,caralho eu quero muito airpods,3.0,,,,,,,,,,,,,
gente deixa eu falar uma coisa.... perdi meus airpods,2.0,alguÃ©m sabe como encontrar os airpods mas sÃ³ um?,2.0,,,,,,,,,,,,,
mais um dia perdendo o airpods,2.0,alguem com airpods que fale por favor,1.0,,,,,,,,,,,,,
ai eu nÃ£o acredito que perdi os airpods..............,2.0,"gosto muito dos airpods mas eles nÃ£o me dÃ£o a seguranÃ§a dos fones com fio. parece que nÃ£o dÃ¡ pra se ter tudo na vida, nÃ©?",2.0,,,,,,,,,,,,,
queria um airpods,3.0,"encontrar fones para iphone 8 Ã© legit procurar uma agulha no palheiro, e os cabos que ligam o iphone a fones sÃ£o mega sensÃ­veis e eu jÃ¡ tive airpods mas odiei ğŸ˜­",1.0,,,,,,,,,,,,,
meu sonho de princesa: airpods,3.0,quem tem o airpods? https://t.co/lbar7gllkh,0.0,,,,,,,,,,,,,
â€œai deixa eu postar uma foto aqui mostrando so o meu ouvido pra aparecer os meus airpodsâ€,1.0,"o tws i200 Ã© o Ãºnico fone que realmente se aproxima em todos os sentidos ao airpods original.

fone i200 tws smart sensor wireless charging 2 geraÃ§Ã£o airpods https://t.co/osdgcg17rl via @youtube",0.0,,,,,,,,,,,,,
os airpods foram a melhor compra que jÃ¡ fiz,3.0,quero uns airpods!!!,3.0,,,,,,,,,,,,,
eu quero super aquelas capinhas fofinhas pra airpods do wish,1.0,"preciso de um airpods, porra to doida p ouvir mÃºsica e nÃ£o posso pq esse crlh estÃ¡ carregando",3.0,,,,,,,,,,,,,
comprei uma capa de airpods e nem tenho airpods,1.0,"meu airpods parou de funcionar, meu pai pegou p ele e nn vai me devolver",1.0,,,,,,,,,,,,,
"tenho um vizinho que toda vez que lhe vejo estÃ¡ com airpods.. vcs , sempreeeeeeee lhe vejo com a cena .. afinal usa smart kicka ğŸ˜­ 
flex afinal Ã© isso ?",1.0,sÃ³ quero a merda desses airpods e hÃ¡ umas horas estava eu a gozar c a thays.....,3.0,,,,,,,,,,,,,
perdi o outro lado do meu airpods lek vtnc ğŸ–•ğŸ¿ğŸ–•ğŸ¿,2.0,infelizmente nÃ£o cheguei na classe burguesa para adquirir um airpods,1.0,,,,,,,,,,,,,
bem vou arrumar a cozinha meter os airpods e comeÃ§ar a curtir me p logo kkk,3.0,obg pela reza padre de airpods,1.0,,,,,,,,,,,,,
perdi os meus airpods ğŸ˜¢,2.0,"â€œpreciso guardar dinheiro e nÃ£o gastar com besteiraâ€

*2 segundos no instagram*

â€œmeu deusssss uma caixinha de pikachu pro meu airpodsâ€ https://t.co/2ga5zimqma",1.0,,,,,,,,,,,,,
quero um airpods,3.0,"pessoal perdendo o fone sem fio no metrÃ´ de ny. eu jÃ¡ perdi um lado dos airpods, o Ãºnico jeito foi recorrer a compra de um novo. triste https://t.co/s2ihsnsmet",2.0,,,,,,,,,,,,,
"os airpods sÃ£o um absurdo de carod aqui no brasil pqp, certeza que se comprar passagem de ida e volta pra miami, comprar eles lÃ¡ e voltar pra cÃ¡ sai mais barato",2.0,o airpods ta devorando a bateria do meu celular com a droga do bluetooth,2.0,,,,,,,,,,,,,
@_clab04 airpods n sabes o que e?,1.0,se vai funcionar nÃ£o sei porÃ©m meus airpods de cinquenta conto tÃ¡ de boa atÃ© hoje entÃ£o,1.0,,,,,,,,,,,,,
bom dia sÃ³ pra quem acordou com a notÃ­cia de que a prÃ³pria mÃ£e bateu seus airpods na mÃ¡quina de lavar,1.0,vou virar vendedor sÃ³ essa semana vendi 4 airpods sÃ³ pq pego eles com preÃ§o bom kkkkk,3.0,,,,,,,,,,,,,
"@afonsoferrazz03 nÃ£o faz muito sentido comprares airpods sem iphone, nÃ£o usufruis assim",1.0,meu white people problem de hoje: estou incomodado em treinar usando fones com fio e quero airpods,3.0,,,,,,,,,,,,,
"mundo tÃ³xico, ninguÃ©m da airpods pra mim ğŸ˜¤ğŸ˜”ğŸ¥º https://t.co/brpj4bs4v3",1.0,airpods sÃ£o tÃ£o pirosos omg i can't,1.0,,,,,,,,,,,,,
"a minha avÃ³ n me dÃ¡ os airpods pq diz que o homem da worten disse lhe que os airpods sÃ³ dÃ£o para iphone kk, eu nÃ£o acredito nisto",1.0,"sou tÃ£o despistada credo, perdi o passe, esqueci me dos airpods na casa dum amigo sÃ³ tenho a caixinha, ainnn ain sÃ³ falta perder a cabeÃ§a",1.0,,,,,,,,,,,,,
"vou vender meus airpods, 500 reais, depois faÃ§o um post mais bonitinho com foto pra mendigar rt
se alguÃ©m tiver interesse fala comigo",2.0,meus airpods chegaram fodase,3.0,,,,,,,,,,,,,
"antes de dormir coloquei meus airpods e meu celular em cima do armario q tem atras da minha cama

acordei agora e tava tudo em cima da cama ???????",1.0,nicolas e seus airpods https://t.co/swcqzcylni,1.0,,,,,,,,,,,,,
"a huawei jÃ¡ apresentou o seu novo modelo de auriculares bluetooth para concorrer com os airpods ğŸ‘‡ 
https://t.co/c0qal7ajb0 

#huawei #freebuds3 #blog https://t.co/20gfnhdpti",1.0,airpods foi feito p ouvir musica na aula certeza,1.0,,,,,,,,,,,,,
bom dia . peÃ§o para me ajudarem a compartilhar atÃ© chegar aos interessados pelos  airpods appleğŸ™ğŸ½ https://t.co/r94pqs0sjq,2.0,meus airpods chegaram e eu nÃ£o quero nem tirar da caixa,3.0,,,,,,,,,,,,,
achei o airpods que eu tonha perdido depois de 1 hora e meia eu me amo,2.0,@marianascp9 quero uns airpods,3.0,,,,,,,,,,,,,
"eu fui e terminei a compra do meu liquidificador e dos acessÃ³rios pro pc e desisti de levar um airpods por conta da maneira que a superior tratou a vendedora 

na hora de retirar os produtos fui e pedi pra chamar a gerente",1.0,@marianascp9 qual? aquela da estÃ¡tua? mds espera a matilde estÃ¡ bue fit mds mariana ganha quero uns airpods,3.0,,,,,,,,,,,,,
@roayals eu uso os airpods e mesmo sendo bluetooth aparece o nÃ­vel do volume,3.0,eu e as minhas irmÃ£s vamos fazer uma corrida e quem ganhar ganha uns airpods ğŸ˜‚ğŸ˜‚,1.0,,,,,,,,,,,,,
sempre acaba em gabriel amaral airpods ynw melly,1.0,"@yasminmarcon pÃ´, colegio podia mandar uns airpods pa nois",1.0,,,,,,,,,,,,,
"meu irmÃ£o perguntou se eu queria um airpods, em questÃ£o de semanas eu ia perder um deles",2.0,meu airpods chegou aaaaa,3.0,,,,,,,,,,,,,
e a outra que tÃ¡ se achando sÃ³ pq tem airpods ğŸ™„ (?),1.0,tweet capitalista sujo: airpods sÃ£o os melhores fones pro dia a dia,3.0,,,,,,,,,,,,,
@ghostuep compra airpods novos e me vende o seuuuuuuu,1.0,alguÃ©m quer me dar um apple watch e airpods??,1.0,,,,,,,,,,,,,
trabalhar pra comprar airpods e ngm me zoar mais ğŸ˜,1.0,os airpods jÃ¡ chegaram!!!,1.0,,,,,,,,,,,,,
"vendo airpods original, chama dm",2.0,"eu xingando q ele n botava o celular em modo aviÃ£o p poder usar os airpods mas dÃ¡ p usar mesmo no modo aviÃ£o
peÃ§o desculpa hobi https://t.co/k3tjlkygmu",1.0,,,,,,,,,,,,,
qro um airpods,3.0,eu comprei um airpods aqui por Â£9 serÃ¡ que vai funcionar kk,1.0,,,,,,,,,,,,,
nao vo negar q eu queria sim te um airpods nÃ£o aguento mais ir dormir escutando asmr e acordar sendo enforcada pelo fio do fone de ouvido,1.0,airpods sÃ£o muito bom vai toma no cu ğŸ˜±ğŸ˜±,3.0,,,,,,,,,,,,,
"o freebuds 2 pro ainda conta com uma tecnologia diferente de identificaÃ§Ã£o biomÃ©trica, que considera o padrÃ£o Ã³sseo do usuÃ¡rio por meio de ia https://t.co/vuqcwimk58 #tecmundo",1.0,"hoje sonhei que o wani estragou os meus airpods a andar de lime, apanhei um susto quando acordei. @hoodyboy02 se comporta no meu sonho ya?",1.0,,,,,,,,,,,,,
"@bazzisoul sÃ³ nÃ£o comprei nem os airpods nem um celular novo, e me arrependo imensamente",3.0,nÃ£o sabia dos airpods hÃ¡ mais de uma semana... guess what acabei de encontrÃ¡-los num bolso dos calÃ§Ãµes de banho ğŸ™Œ,2.0,,,,,,,,,,,,,
"@brokenjonas mas eu queria o airpods justamente por ser sem fio bb, o normal eu tenho",3.0,"nem queria comprar os airpods, mas agora que vi os novos que vÃ£o sair personalizado yh vou comprar, se perder perdi",3.0,,,,,,,,,,,,,
"airpods foi a melhor invenÃ§Ã£o atÃ© hoje, nada como carregar o  iphone e poder usar fones",3.0,preferias comprar 150â‚¬ de roupa ou comprar uns airpods? â€” 150â‚¬ de roupa mas se alguÃ©m me quiser oferecer uns airpods eu aceito kkkk https://t.co/xpvkvmhxef,1.0,,,,,,,,,,,,,
inclusive comprei airpods pra dar de presente e tive o menor contato possÃ­vel depois que entreguei ğŸ˜‚ https://t.co/p4h324dkrh,1.0,os meus airpods chegaram! ğŸ˜,3.0,,,,,,,,,,,,,
esse pessoalzin que tem airpods Ã© feio demais kkkkkkkkkk usa pra tudo,1.0,airpods Ã© a Ãºnica coisa que tÃ¡ salvando minha terÃ§a,3.0,,,,,,,,,,,,,
alguÃ©m sabe um site bom e seguro p comprar airpods?? ğŸ˜“,1.0,,,,,,,,,,,,,,,
@gbsporto3002 vtnc vcs ae                                                quase quebraram meu airpods,2.0,,,,,,,,,,,,,,,
eu quero meu airpods Ã© sÃ©rio,3.0,,,,,,,,,,,,,,,
perdi meus airpods kkkkkkk nao sei onde soquei,2.0,,,,,,,,,,,,,,,
quero uns airpods,3.0,,,,,,,,,,,,,,,
jÃ¡ comprei os airpods,3.0,,,,,,,,,,,,,,,
@queenofrays Ã© um airpods holder eu acho ju,1.0,,,,,,,,,,,,,,,
finalmente comprei meus airpods kkk pqp,3.0,,,,,,,,,,,,,,,
@chuchuinhame o airpods eh meu se eu quiser eu chamo de isabelafeia,1.0,,,,,,,,,,,,,,,
serÃ¡ que compensa eu comprar um airpods? meus pais tÃ£o me pesando,1.0,,,,,,,,,,,,,,,
n acredito q vou ganhar um airpods https://t.co/rul7g4sd5l,3.0,,,,,,,,,,,,,,,
@samaygrs sÃ³ mesmo pra mostrar que tem airpods,1.0,,,,,,,,,,,,,,,
"meu airpods tÃ¡ todo estragado jÃ¡ e deixado de lado, affs raiva de mim",2.0,,,,,,,,,,,,,,,
no prÃ³ximo mÃªs vou comprar uns airpods tou me a cagar:),3.0,,,,,,,,,,,,,,,
"pensava que tinha deixado os airpods no aviÃ£o, tremi uma beca agr",2.0,,,,,,,,,,,,,,,
tristeza mesmo Ã© nÃ£o poder usar fone enquanto o celular carrega por nÃ£o ter airpods,3.0,,,,,,,,,,,,,,,
"@peachyhidalgo @tvdailys acho que a ideia era mostrar que a guria valorizava mais o dinheiro sabe, o primeiro guri estÃ¡ com airpods enquanto o segundo com um fone de ouvido normal",1.0,,,,,,,,,,,,,,,
quase entrei no banho com os airpods.,1.0,,,,,,,,,,,,,,,
eu nÃ£o tÃ´ acreditando que os airpods carregam 100% em 10 minutos!!!! caralho que perfeiÃ§Ã£o,3.0,,,,,,,,,,,,,,,
mds sai de casa e deixei o meu airpods carregando mas so volto amanha e agora,1.0,,,,,,,,,,,,,,,
airpods das melhores compras mesmo,3.0,,,,,,,,,,,,,,,
"quem pode, pode! ourives cria os seus airpods em ouro
https://t.co/xqdkt9fero https://t.co/bzxtfl1fbz",1.0,,,,,,,,,,,,,,,
@marchwill Ã© tipo os airpods de r$ 100 ğŸ¤£ğŸ¤£ğŸ¤£,1.0,,,,,,,,,,,,,,,
aniv chegando e to aceitando capinha de airpods galera pf,1.0,,,,,,,,,,,,,,,
a rita disse que nos anos me ia dar uns airpods :),3.0,,,,,,,,,,,,,,,
"eu fiz um acordo com o fofuxo: se eu correr trÃªs semanas, ele me dÃ¡ um airpods. domingo completa a 3a semana, @thiagotsn https://t.co/ctahrciq4v",3.0,,,,,,,,,,,,,,,
@roayals realidade: conectado no airpods dela que custa dois mil reais aqui no brasil,1.0,,,,,,,,,,,,,,,
todo dia eu achando que perdi meus airpods de um jeito diferente,2.0,,,,,,,,,,,,,,,
putu alecs ara me vull comprar uns airpods,1.0,,,,,,,,,,,,,,,
"comprei meu ipad, meu airpods, e meus cremes/loÃ§Ã£o da victoria secret, agora sim tÃ´ feliz com as compras",3.0,,,,,,,,,,,,,,,
"[#info] 19.09.07 | a apple korea postou em seu canal no youtube o vÃ­deo promocional com os airpods do #bt21.

 #pcas #bts #thegroup @bts_twt

ğŸ“(https://t.co/ywknmkgztz)

Â© btsnotice
https://t.co/wws30xrq4e",1.0,,,,,,,,,,,,,,,
surpreso que quase ngm do curso sabe do preÃ§o dos airpods,1.0,,,,,,,,,,,,,,,
"@andrewdfish pois imagine o meu choque quando voltei pro brasil e esqueci meus apple airpods de $159 nos eua... fui olhar, no brasil custa mil reais",2.0,,,,,,,,,,,,,,,
"mi airpods na vdd, mas n faz diferenÃ§a",1.0,,,,,,,,,,,,,,,
"[ğŸ¬] - a apple korea adicionou os airpods do #bt21 em seu vÃ­deo promocional. ğŸµ

 #pcas #bts #thegroup
ğŸ–‡https://t.co/dxzbhqktmu
@bts_twt
https://t.co/jgenqimjta",1.0,,,,,,,,,,,,,,,
90 conto o protetor de airpods da vx um roubo,1.0,,,,,,,,,,,,,,,
agora me tornei o ser humano mais anti social da histÃ³ria com meu pequeno amor airpods â¤ï¸,1.0,,,,,,,,,,,,,,,
@apple lancem airpods pretos,2.0,,,,,,,,,,,,,,,
"ent supostamente o gajo com airpods Ã© mean pra ela mas o gajo que Ã© bom pra ela tem fones com cabo, ela refeita-o e volta para o outro no entanto ele dÃ¡ flex enforcando o outro com o cabo lmao https://t.co/rqvonycxay",1.0,,,,,,,,,,,,,,,
ganhei uns airpods de graÃ§a!!!! ğŸ˜,3.0,,,,,,,,,,,,,,,
feliz q agr tenho +2 carregadores novos pq do cel e dos airpods,1.0,,,,,,,,,,,,,,,
sÃ³ porque eu nÃ£o ia comprar o airpods agora,1.0,,,,,,,,,,,,,,,
cheguei numa Ã¡rea onde as pessoas passeiam com airpods,1.0,,,,,,,,,,,,,,,
airpods Ã© vida,3.0,,,,,,,,,,,,,,,
mÃ³ vontade de comprar um airpods,3.0,,,,,,,,,,,,,,,
samey airpods legui meu commencer ko deff diaaro noppğŸ˜‚â¤ï¸,1.0,,,,,,,,,,,,,,,
"perdi meus airpods novinhos, burro pra caralho",2.0,,,,,,,,,,,,,,,
"ganhei um airpods original
muitooo tooop",3.0,,,,,,,,,,,,,,,
@altheaaalalusin asan airpods mo? hshshahhahsh,1.0,,,,,,,,,,,,,,,
agora com airpods Ã© que vai ser nas aulas,3.0,,,,,,,,,,,,,,,
morale : achetez des airpods https://t.co/uqle6fv9dx,1.0,,,,,,,,,,,,,,,
"compro o bendito do airpods e acabo nem usando 
pior coisa que comprei por agora",2.0,,,,,,,,,,,,,,,
um pouco arrependido de n ter trazido meus airpods,3.0,,,,,,,,,,,,,,,
âœ… cÃ¢mara instax âœ…airpods https://t.co/lwgzvmqt4q,1.0,,,,,,,,,,,,,,,
"@axerosa_ pra mim Ã© fÃ¡cil, por que literalmente o marcelo rossi com airpods foi a minha foto.",2.0,,,,,,,,,,,,,,,
"peguei o airpods do diogo, qr guerra cm ngmğŸ˜‚",3.0,,,,,,,,,,,,,,,
"porra que fone bom, nem parece que vocÃª tÃ¡ usando 

*jota descobre airpods*",3.0,,,,,,,,,,,,,,,
eu ainda tÃ´ ????? com ele ter feito um airpods todo de ouro,1.0,,,,,,,,,,,,,,,
airpods neta me caguÃ© https://t.co/lldx2th4p3,2.0,,,,,,,,,,,,,,,
"@luizavrosani achei que tinha perdido meu airpods, mas acho q ta no quarto dos meus pais mesmo",2.0,,,,,,,,,,,,,,,
airpods estragou c menos de 4 meses e menos de 3 tombos eu vo mata a apple,2.0,,,,,,,,,,,,,,,
vo comprar um airpods to nem aÃ­,3.0,,,,,,,,,,,,,,,
"huawei apresenta o freebuds 3, seu novo concorrente para os airpods https://t.co/mdftnoa2jv https://t.co/yigk1mlxka",1.0,,,,,,,,,,,,,,,
"huawei apresenta o freebuds 3, seu novo concorrente para os airpods https://t.co/0p4ikrb1qq https://t.co/tz37rre2do",1.0,,,,,,,,,,,,,,,
"huawei apresenta o freebuds 3, seu novo concorrente para os airpods https://t.co/112ayzuty1 https://t.co/w3csv0rrax",1.0,,,,,,,,,,,,,,,
primeiro preciso dos airpods dps eu preciso desse mimoh https://t.co/jcjslrsxrh,1.0,,,,,,,,,,,,,,,
"@magazineluiza me da um cupom de desconto pra comprar 2 airpods Ã  vista? please, eu nunca te pedi nada more â¤ï¸ https://t.co/yalpwlsuay",1.0,,,,,,,,,,,,,,,
funcionÃ¡rios do metrÃ´ nÃ£o aguentam mais recolher airpodsÂ perdidos https://t.co/gd1rzifq6b https://t.co/1oiaifyoug,2.0,,,,,,,,,,,,,,,
gente acho que vou vender meus airpods,2.0,,,,,,,,,,,,,,,
airpods Ã© a melhor coisa deste mundo,3.0,,,,,,,,,,,,,,,
eu comprei a merda do airpods ontem e hj deixei cair na sopa de ervilha pqp,2.0,,,,,,,,,,,,,,,
"huawei apresenta o freebuds 3, seu novo concorrente para os airpods https://t.co/fiao1x5lq9 https://t.co/pf2a50yfby",1.0,,,,,,,,,,,,,,,
huawei apresentou os verdadeiros rivais dos airpods https://t.co/dtvkbz18xs https://t.co/vxfqb0fjdd,1.0,,,,,,,,,,,,,,,
"to pensando em comprar um airpods, foda que Ã© caro p crl vei",2.0,,,,,,,,,,,,,,,
funcionÃ¡rios do metrÃ´ nÃ£o aguentam mais recolher airpods perdidos - https://t.co/wal6h7xxts https://t.co/4vm1xcoqzo,2.0,,,,,,,,,,,,,,,
"algo muito interessante eh que a huawei lanÃ§ou um fone muito parecido com o earpods e com cancelamento de ruÃ­do (antes da apple).

#airpods #airpods2 #airpods3 #airpodspro #applebrasil #appletudo #rumores #huawei #airpodsnoisecancelation https://t.co/mqqtrob7en",1.0,,,,,,,,,,,,,,,
@ariellymonteneg compra airpods maninha,3.0,,,,,,,,,,,,,,,
eu descobri o meu amor por airpods â¤ï¸ nÃ£o quero outro vida,3.0,,,,,,,,,,,,,,,
vendi o airpods,2.0,,,,,,,,,,,,,,,
comprei um airpods,3.0,,,,,,,,,,,,,,,
finalmente comprei meus airpods glÃ³ria na verdade Ã© os primo mas vale kkk,1.0,,,,,,,,,,,,,,,
"o merda de paÃ­s com descarga automÃ¡tica passei por uma cena ridÃ­cula 
entrei no banheiro com airpods distraÃ­da e quando a descarga disparou automaticamente levei maior sustÃ£o e dei um pulo, quase taquei o celular na privada
infernooooo",1.0,,,,,,,,,,,,,,,
airpods Ã© tÃ£oooo bacano,3.0,,,,,,,,,,,,,,,
"huawei apresenta o freebuds 3, seu novo concorrente para os airpods https://t.co/bhx5jevfgh https://t.co/grzpemlrxy",1.0,,,,,,,,,,,,,,,
vcs tbm confundem a costeleta do cid moreira com um par de airpods? #jornalnacional #jn50anos https://t.co/qwcjqdrfze,1.0,,,,,,,,,,,,,,,
"abri o aliexpress rapidao e paaaa airpods 18,90 kkkkkkkkkkkk",1.0,,,,,,,,,,,,,,,
quem quiser eu to tendo airpods primeira e segunda geraÃ§Ã£o lacrad oi na caixa vem direct,1.0,,,,,,,,,,,,,,,
"com toda certeza vou roubar os airpods da duda, ainda mais que to sem fone agora",1.0,,,,,,,,,,,,,,,
o puto com os airpods Ã© mauuuuuuu! https://t.co/ydz0mskl0o,1.0,,,,,,,,,,,,,,,
o som do airpods Ã© uma bosta! #fato,2.0,,,,,,,,,,,,,,,
a crianÃ§a com airpods e rolex isso que eu chamo de flex https://t.co/ujxts5rh9o,1.0,,,,,,,,,,,,,,,
o airpods liga com o mac tudo pra mim caralhooooo,1.0,,,,,,,,,,,,,,,
compro airpods ou nÃ£o,1.0,,,,,,,,,,,,,,,
"huawei apresenta o freebuds 3, seu novo concorrente para os airpods https://t.co/icne1pecbb",1.0,,,,,,,,,,,,,,,
"blz gente o negÃ³cio a prova d'Ã¡gua da apple Ã© real, meus airpods acabaram de passar por uma centrifugaÃ§Ã£o na mÃ¡quina e saÃ­ram vivos e funcionando torÃ§am pra que eles continuem assim pfvr",3.0,,,,,,,,,,,,,,,
a partir de hoje so falo com quem tem apple airpods,1.0,,,,,,,,,,,,,,,
eu preciso de um airpods nÃ£o aguento mais treinar com esse trambolho no ouvidoğŸ™„,3.0,,,,,,,,,,,,,,,
@parkerson_ mas vocÃª tem airpods,1.0,,,,,,,,,,,,,,,
se eu soubesse que fone de ouvido tipo airpods Ã© tÃ£o porre de parear eu teria segurado o cu e nÃ£o comprado,2.0,,,,,,,,,,,,,,,
@madrlnha airpods funcionam em qualquer celular amiga,3.0,,,,,,,,,,,,,,,
"@chaepallet @roseswjk o segundo garoto com o fone normal no braÃ§o significa a pessoa mais pobre q no vÃ­deo a tratava bem, mas ela gostava do rico que usava os airpods mas por outro lado ele a tratava mal, ai o ""pobre"" matou o ""rico"" com inveja, e mesmo assim ela ainda correu atrÃ¡s do mesmo, puts ksksk",1.0,,,,,,,,,,,,,,,
"eu: que tipo de animal usa airpods

eu depois de ganhar um: como pode o ser humano ser dotado de tanta inteligencia para criar tÃ£o maravilhoso e Ãºtil equipamento",3.0,,,,,,,,,,,,,,,
airpods= salvacao do estudante moderno,3.0,,,,,,,,,,,,,,,
"huawei apresenta o freebuds 3, seu novo concorrente para os airpods

https://t.co/ncd4iz46qm",1.0,,,,,,,,,,,,,,,
finalmente mandei vir os meus airpods rafados,1.0,,,,,,,,,,,,,,,
amanhÃ£ jÃ¡ tenho os airpods de volta,1.0,,,,,,,,,,,,,,,
compensa comprar airpods?,1.0,,,,,,,,,,,,,,,
"huawei apresenta o freebuds 3, seu novo concorrente para os airpods https://t.co/dsi8sqxse2",1.0,,,,,,,,,,,,,,,
huawei freebuds 3 sÃ£o oficiais e vÃªm para combater diretamente com os airpods https://t.co/0gwdvhneeb https://t.co/ydxaqeyizz,1.0,,,,,,,,,,,,,,,
"huawei apresenta o freebuds 3, seu novo concorrente para osÂ airpods https://t.co/c1bybtotwf",1.0,,,,,,,,,,,,,,,
"novidades huawei apresenta o freebuds 3, seu novo concorrente para os airpods https://t.co/netboybbnz https://t.co/dtxvgqtvjw https://t.co/6n3lp1r8a4",1.0,,,,,,,,,,,,,,,
"huawei apresenta o freebuds 3, seu novo concorrente para osÂ airpods https://t.co/vfku0qcqht",1.0,,,,,,,,,,,,,,,
"vende se airpods 
informaÃ§Ãµes por dm",2.0,,,,,,,,,,,,,,,
@kiss4js volta aqui e me da seu airpods,1.0,,,,,,,,,,,,,,,
@laurasantoxx sÃ³ um airpods pra durar contigo nÃ© kkkkkkk,1.0,,,,,,,,,,,,,,,
tenho airpods nos meus ouvidos,1.0,,,,,,,,,,,,,,,
perdi os airpods Ã³timo ğŸ¤¦ğŸ¼â€â™€ï¸,2.0,,,,,,,,,,,,,,,
"oii, tem alguma chance de vcs abrirem go da case de airpods da @/whalelovesyou_ ? ğŸ¥º â€” oi xuxu, nÃ£o acho que teriamos procura o suficiente para uma go desse produto! mas podemos te ajudar numa compra individual, nos chame na dm! https://t.co/2pgewdqlqp",1.0,,,,,,,,,,,,,,,
fui falar que comprei os airpods da apple nos meus stories e atÃ© agora tem xiaomers querendo me converter,1.0,,,,,,,,,,,,,,,
"ğŸ›’ funda protectora para auriculares airpods
â›”ï¸ antes: âŒ12,30â‚¬âŒ
ğŸ’¶ precio oferta: ğŸ”¥3,69â‚¬ğŸ”¥
ğŸ’° ahÃ³rrate: 70%
ğŸ· cÃ³digo dto.: syhg3log
âœ”ï¸ enlace: https://t.co/fhcsqmrxfh https://t.co/9xjnudwjkw",1.0,,,,,,,,,,,,,,,
"ğŸ›’ funda protectora para auriculares airpods
â›”ï¸ antes: âŒ12,30â‚¬âŒ
ğŸ’¶ precio oferta: ğŸ”¥3,69â‚¬ğŸ”¥
ğŸ’° ahÃ³rrate: 70%
ğŸ· cÃ³digo dto.: syhg3log
âœ”ï¸ enlace: https://t.co/ekqntuc7to https://t.co/jnfce64bav",1.0,,,,,,,,,,,,,,,
"ğŸ›’ funda protectora para auriculares airpods
â›”ï¸ antes: âŒ12,30â‚¬âŒ
ğŸ’¶ precio oferta: ğŸ”¥3,69â‚¬ğŸ”¥
ğŸ’° ahÃ³rrate: 70%
ğŸ· cÃ³digo dto.: syhg3log
âœ”ï¸ enlace: https://t.co/uiy1iyldg3 https://t.co/gbexgw2tei",1.0,,,,,,,,,,,,,,,
to um nojo usando airpods,3.0,,,,,,,,,,,,,,,
preciso mm de uns airpods,1.0,,,,,,,,,,,,,,,
"alÃ©m de ""mind the gap"", os metrÃ´s vÃ£o ter que comeÃ§ar a pedir pras pessoas ""mind the airpods"" quando saltam do trem. que tempos! https://t.co/tkxeaxz2rt",2.0,,,,,,,,,,,,,,,
nÃ£o to vendo outra alternativa pra viver a nÃ£o ser comprar airpods porque jÃ¡ Ã© a segunda vez em menos de um mÃªs que quero carregar o celular e ouvir mÃºsica ao mesmo tempo,3.0,,,,,,,,,,,,,,,
mano eu deixei meu airpods cair debaixo da esteira da academia kkkkkkkkkkkk,1.0,,,,,,,,,,,,,,,
ai mano queria mt airpods,3.0,,,,,,,,,,,,,,,
"as vezes tudo q eu queria era ter airpods pra poder guardar meu celular e msm assim ouvir mÃºsica

se pobre e foda",3.0,,,,,,,,,,,,,,,
huawei incorpora cancelamento ativo de ruÃ­dos em seus â€œclonesâ€ dos airpods #apple #macos #ios https://t.co/jlams79j64,1.0,,,,,,,,,,,,,,,
"@cacaioalberto entre outras coisas, aqueles fones da apple ( airpods) 1600 pilas, se vocÃª usar um que custa 150 reais Ã© taxado de pobre kkkkkk",1.0,,,,,,,,,,,,,,,
huawei incorpora cancelamento ativo de ruÃ­dos em seus â€œclonesâ€ dos airpods https://t.co/ifzpq6j976 https://t.co/bdg4abzgq4,1.0,,,,,,,,,,,,,,,
huawei incorpora cancelamento ativo de ruÃ­dos em seus â€œclonesâ€ dos airpods https://t.co/kzay38ryxq https://t.co/fsyknwm4pw,1.0,,,,,,,,,,,,,,,
"huawei incorpora cancelamento ativo de ruÃ­dos em seus ""clones"" dos airpods Â» https://t.co/uy6o14gcdn (por @lgcribeiro) https://t.co/ltb0vihq16",1.0,,,,,,,,,,,,,,,
to indo p foz hj vai ser o dia de se humilha p meu pai a viajem toda por um airpods deusnocomando,1.0,,,,,,,,,,,,,,,
"portanto, comprei uns airpods.",1.0,,,,,,,,,,,,,,,
@leocsampaio1 vÃ©i so n vai me perder os airpods agora nÃ©,1.0,,,,,,,,,,,,,,,
sÃ³ queria uns airpods ğŸ˜©,3.0,,,,,,,,,,,,,,,
@ananascimentog1 vei os airpods tao comigo a caixnha ta la pqp,1.0,,,,,,,,,,,,,,,
meus airpods chegaram e eu to sÃ³ ğŸ¥°ğŸ¥°ğŸ¥°ğŸ¥°,3.0,,,,,,,,,,,,,,,
meu deus eu esqueci a caixinha ds airpods no uber,1.0,,,,,,,,,,,,,,,
huawei copia spudoratamente le airpods di apple https://t.co/uubqfktt6s #huawei #airpods #iphone #apple #ios #applenews #appleitalia #appleusa #ipad #appstore #macos #iphonexs #iphonexr #applewatch #watchos6 #ios13 #ios #iphone11 #iphone11pro,1.0,,,,,,,,,,,,,,,
huawei copia spudoratamente le airpods di apple https://t.co/r2vineebjz #huawei #airpods #iphone #apple #ios #applenews #appleitalia #appleusa #ipad #appstore #macos #iphonexs #iphonexr #applewatch #watchos6 #ios13 #ios #iphone11 #iphone11pro,1.0,,,,,,,,,,,,,,,
preciso de uns airpods pra arrumar a casa pq este meu vizinho estÃ¡ a passar da linha hoje como dj,1.0,,,,,,,,,,,,,,,
fred ferreira de airpods,1.0,,,,,,,,,,,,,,,
comprei airpods socorro n sei como e q isto funciona,1.0,,,,,,,,,,,,,,,
alguÃ©m disse que ele tem airpods feitos em casa hahahahahahah https://t.co/04idszusfu,1.0,,,,,,,,,,,,,,,
"caralho mano, enfiem meu airpods no cu nÃ£o Ã© possÃ­vel ğŸ¤¦ğŸ½â€â™‚ï¸",2.0,,,,,,,,,,,,,,,
airpods o sapatos???,1.0,,,,,,,,,,,,,,,
"velho, meu amigo quer comprar airpods da apple e krl eu disse pra ele que isso custa um rim, mil reais num fone slk",2.0,,,,,,,,,,,,,,,
perdi os meus airpods,2.0,,,,,,,,,,,,,,,
gente comprei meu airpods 2 e: ok,1.0,,,,,,,,,,,,,,,
a bateria de meus airpods estÃ£o durando pouco tempo,2.0,,,,,,,,,,,,,,,
"quando estou com meus airpods, e meus amigos vem falar comigo: https://t.co/djjk7qvtvm",1.0,,,,,,,,,,,,,,,
comprei o apple airpods hihihihihi,3.0,,,,,,,,,,,,,,,
"comprei o airpods, agora Ã© 25 dias pra cegar no brasil",2.0,,,,,,,,,,,,,,,
mano eu acho airpods muito feio k ainda tem esses falsificados que sÃ£o do tamanho do meu dedo mindinho jjkj sÃ©rio bicho como aquilo fica seguro no ouvido mt grande,2.0,,,,,,,,,,,,,,,
"situaÃ§Ã£o chata em ny: tÃ£o perdendo tando airpods nos metrÃ´ que tÃ£o travando os trem 

https://t.co/ua4n8zwscs",1.0,,,,,,,,,,,,,,,
"esqueci-me de meter os airpods e o apple watch na carga , agora tenho que sair sem eles",1.0,,,,,,,,,,,,,,,
funcionÃ¡rios do metrÃ´ de nova york estÃ£o muito cansados â€‹â€‹de pegar airpods perdidos https://t.co/0totol70ds,2.0,,,,,,,,,,,,,,,
quero um apple watch e um airpods.  onde posso ofertar meus Ã³rgÃ£os?,2.0,,,,,,,,,,,,,,,
"obrigado pela compra e paciÃªncia rhuantac aproveite o fone. 
https://t.co/sabffoomw3 
whatsapp (31) 99557-1839
#entregagarantida #importados #conradoimportados #fone #foneapple #apple #airpods #semfio https://t.co/swbmaxnjp1",1.0,,,,,,,,,,,,,,,
e o shawn mendes que tem pelo menos 6 airpods https://t.co/dpoovh02hl,1.0,,,,,,,,,,,,,,,
airpods nÃ£o estÃ¡ tÃ£o caro ğŸ¤”,3.0,,,,,,,,,,,,,,,
os mais recentes imitadores airpods da huawei adicionam cancelamento deÂ ruÃ­do https://t.co/ouilvg7d1i https://t.co/au7bnpl91d,1.0,,,,,,,,,,,,,,,
ok agr quero uns airpods ğŸ™ƒ,3.0,,,,,,,,,,,,,,,
nao acredito que perdi o estojo do airpods. nao acredito,2.0,,,,,,,,,,,,,,,
kkkkkkkk surtando de levis pq eu acho que perdi meu airpods,2.0,,,,,,,,,,,,,,,
"[#taengstory] 06/09/19 - p: ""tmi de hoje? ğŸ¤˜ğŸ»""

ty: ""eu comprei airpods e perdi em um dia"" https://t.co/nexnwnrb7f",2.0,,,,,,,,,,,,,,,
"entrei no chuveiro todo animado, danÃ§ando e cantando ---&gt; lembrei que estava com meu airpods no ouvido ---&gt; sai gritando e molhado pela casa ----&gt; nÃ£o Ã© sÃ³ um fone de ouvido, sÃ£o airpods",1.0,,,,,,,,,,,,,,,
perdi os airpods ğŸ¤¦â€â™‚ï¸,2.0,,,,,,,,,,,,,,,
pensando em comprar um airpods com medo de me arrepender por estar sendo consumista...,1.0,,,,,,,,,,,,,,,
achei uma otima ideia usar airpods na cama e agora perdi o foninho do lado direito,3.0,,,,,,,,,,,,,,,
sque jÃ¡ amanhÃ£ tou a pegar os meus airpods,1.0,,,,,,,,,,,,,,,
alguÃ©m me dÃ¡ um fone novo de preferÃªncia airpods tÃ¡ rsrrs,3.0,,,,,,,,,,,,,,,
dabuso deixei os airpods no escritÃ³rio e estou com gnd preguiÃ§a de lÃ¡ ir buscar,1.0,,,,,,,,,,,,,,,
"@sbadziak vamos Ã s compras, iphone xs max, 9.5k, apple watch 12k, airpods 2, 1.4k
nÃ£o sei vc, mas pra mim tÃ¡ de graÃ§a",1.0,,,,,,,,,,,,,,,
"perdi meu airpods, vo chora",2.0,,,,,,,,,,,,,,,
"acho que estou muito consumista
esse mÃªs eu comprei uma pelicula3d,uma capa nova pro cel
comprei um fone normal,uma bateria portÃ¡til
um carregador novo do cel, um par de fones airpods
oito pilhas recarregÃ¡veis e o carregador delas para voltar a usar a minha cÃ¢mera",3.0,,,,,,,,,,,,,,,
"to precisando de airpods tÃ¡ osso, ou carrega ou usa o fone! maio passou mas nÃ£o tem data pra presente ğŸ ğŸ™ğŸ½ğŸ™ˆğŸ˜‚",3.0,,,,,,,,,,,,,,,
deus pelo amor de deus tira essa vontade de gastadora compulsiva de mim eu nÃ£o preciso de um airpods,3.0,,,,,,,,,,,,,,,
quero um airpods: ğŸ¥ºğŸ¥º,3.0,,,,,,,,,,,,,,,
"250 reals um fone original da apple
1000 um airpods",2.0,,,,,,,,,,,,,,,
os meus airpods https://t.co/s42ap1swpq,2.0,,,,,,,,,,,,,,,
"do jeito que o louis Ã©, aposto que ele se recusa a comprar airpods pq Ã© horrÃ­vel e modinha desnecessÃ¡ria",2.0,,,,,,,,,,,,,,,
hÃ¡ duas semanas sem fone de ouvido... eu sÃ³ queria meu airpods logo,3.0,,,,,,,,,,,,,,,
"@viegasmay15 veja bem, pelo menos nÃ£o Ã© um airpods e um apple watch",1.0,,,,,,,,,,,,,,,
tambem quero uns airpods ğŸ˜  https://t.co/nwrgjgtoki,3.0,,,,,,,,,,,,,,,
a primeira coisa que eu vou comprar quando eu comeÃ§ar a trabalhar vai ser um airpods na moral quero tanto,3.0,,,,,,,,,,,,,,,
"henrique contente, 34 anos;
desempregado;
quer comprar airpods. https://t.co/9cxtt8ps37",3.0,,,,,,,,,,,,,,,
eu quero airpods ğŸ˜­ğŸ˜­ğŸ˜­,3.0,,,,,,,,,,,,,,,
obv airpods Ã© modinha louis nÃ£o gosta de modinha https://t.co/e5r1lam8xg,2.0,,,,,,,,,,,,,,,
qria tanto um airpods juro,3.0,,,,,,,,,,,,,,,
comprei um airpods pra ser mais discreta mas o trem fica piscando parecendo uma viatura,1.0,,,,,,,,,,,,,,,
algum homem feministo pra me dar um airpods    to sem fone,1.0,,,,,,,,,,,,,,,
- o mundo anda estranho juro  hoje vi um  surdo a usar airpods,1.0,,,,,,,,,,,,,,,
"@daysbeforecosm p te ser sincero estava a trocar dos airpods para os beats, p ouvir o sususu com mais pormenor",2.0,,,,,,,,,,,,,,,
hoje fui comprar um secador com difusor e sai da loja c um airpodsğŸ˜“,1.0,,,,,,,,,,,,,,,
"tom holland e a sua mania de usar sÃ³ um de seus airpods. eu juro que morro de medo dele perder esse tipo de fone de ouvido (se bem que ele Ã© rico o suficiente pra comprar vÃ¡rios outros se ele desejar). mas acontece que se estivesse nas minhas mÃ£os, eu iria viver perdendo, sofro.",1.0,,,,,,,,,,,,,,,
@ju2865 airpods nÃ£o digo mas outro tele ya,1.0,,,,,,,,,,,,,,,
@pedromrc99 Ã© desta que compras os airpods,1.0,,,,,,,,,,,,,,,
o meu pai chega a casa com uns airpods para mim(???),1.0,,,,,,,,,,,,,,,
o erro do pobre Ã© comprar o iphone e nÃ£o poder comprar o airpods pra poder usar o carregador e ouvir mÃºsica ao mesmo tempo,2.0,,,,,,,,,,,,,,,
cismei que quero um airpods mas essas rÃ©plicas aÃ­ msm pq sou pobre e junto cm isso um tÃªnis da fila,2.0,,,,,,,,,,,,,,,
compro um airpods ou acabo de fechar meu braÃ§o ??? eis a questÃ£o,1.0,,,,,,,,,,,,,,,
"@apple eu quero um smartwatch, um iphone e um airpods. mas sÃ³ de responder esse tt jÃ¡ Ã©",1.0,,,,,,,,,,,,,,,
o video mais agoniante...   tranformei airpods em 18k airgolds https://t.co/h3w4syhihn via @youtube,1.0,,,,,,,,,,,,,,,
"porra, os airpods da apple sÃ£o bons p crl msm, acabei de testar",3.0,,,,,,,,,,,,,,,
boa noite serÃ¡ se alguÃ©m poderia fazer a boa aÃ§Ã£o de me doar um airpods????? gratidÃ£o,1.0,,,,,,,,,,,,,,,
alguÃ©m me dÃ¡ um airpods,1.0,,,,,,,,,,,,,,,
meus airpods tao com o som muito baixo eu vou chorar.,2.0,,,,,,,,,,,,,,,
"ai gente nao sei se junto dinheiro pra comprar os airpods ou um apple watch 

https://t.co/pmgwusg1f0",2.0,,,,,,,,,,,,,,,
os meus airpods nÃ£o estÃ£o funcionandokkkkkkkkkkkk,2.0,,,,,,,,,,,,,,,
@marcogomes @jovemnerd o airpods deixa bem claro que vc ta correndo descalÃ§o por opÃ§Ã£o,3.0,,,,,,,,,,,,,,,
@joseadorno jÃ¡ usei os airpods e eles nÃ£o caem do meu ouvido jamais! tÃ´ tendendo pra eles por serem mais convenientes na hora de sair rapidamente do ouvido. publica esse comparativo que eu quero ler hehehe,3.0,,,,,,,,,,,,,,,
"#whitepeopleproblems @apple #feedback vcs tÃ£o ligado q os airpods sÃ£o uns 60% menos potentes que os earpods, certo?",2.0,,,,,,,,,,,,,,,
e meu namorado q perdeu o airpods,1.0,,,,,,,,,,,,,,,
"como estÃ¡ difÃ­cil ganhar dinheiro,estou tentando vender meu iphone x +airpods,quem puder me ajudar dando rt fico grato tmj ğŸ¤— https://t.co/2qnrnbc8nj",1.0,,,,,,,,,,,,,,,
comprei um airpods vagabundo num site aleatÃ³rio serase chega espero q sim foi 60 reais,1.0,,,,,,,,,,,,,,,
"5 dias para o lancamento do iphone 11, 11pro e 11 pro max, mal posso esperar.

#iphone11 #applebrasil #appletudo #iphone11pro #iphone11promax #airpods #airpodspro #airpods3 #ios13 #ios131 #macoscatalina #ipados",1.0,,,,,,,,,,,,,,,
@detinhapaquete enquanto eu fui comprar airpods em vez de comprar que choro ela todos os dias e tinha dinheiro suficiente mas nao fui comprar airpods se bem que os fones normalğŸ¤¦ğŸ¾â€â™€ï¸,1.0,,,,,,,,,,,,,,,
alguem me segura para nao comprar essa merda pros airpods kkkkkkk https://t.co/rhlvtusrwi,1.0,,,,,,,,,,,,,,,
esqueci o caralho dos meus airpods no trabalho,1.0,,,,,,,,,,,,,,,
@rafaelagomes_ve olha o mundo te dando uma oportunidade de vc comprar airpods ! aproveita e compra logo locaaaaaa,3.0,,,,,,,,,,,,,,,
"no outro dia vi alguem deixar cair uma caixa de airpods e pensei para mim: ""aquele tipo deixou cair uma caixa de fio dental!..."" 
estou a ficar velho",1.0,,,,,,,,,,,,,,,
viva aos airpods https://t.co/tlclc67cdm,3.0,,,,,,,,,,,,,,,
cheguei na academia e meus airpods tÃ£o sem bateria e as musicas que tao tocando na academia sao pessimas ğŸ¥º,1.0,,,,,,,,,,,,,,,
@joseadorno tÃ´ na maior dÃºvida entre eles vs airpods. qual sua recomendaÃ§Ã£o?,1.0,,,,,,,,,,,,,,,
"sÃ³ esses Ãºltimos meses perdi: 
Ã³culos da chilli bens
relÃ³gio da chilli bens 
pulseira em prata 
caixinha q carrega o airpods, agr eu tenha certeza q eu sou irresponsÃ¡vel ğŸ¥µğŸ¥µğŸ˜­ğŸ˜­ğŸ˜­",1.0,,,,,,,,,,,,,,,
"meu fone ta dando problema, o que eu fiz?
acabei de comprar um airpods",1.0,,,,,,,,,,,,,,,
"seis airpods 
shawn ta burguÃªs https://t.co/tgr7zxzljj",1.0,,,,,,,,,,,,,,,
e pensar que os airpods cm esse preÃ§o altÃ­ssimo nem tÃªm cancelamentos de ruÃ­dos. https://t.co/jrembli4p5,1.0,,,,,,,,,,,,,,,
puts mais um motivo pra comprar airpods,3.0,,,,,,,,,,,,,,,
eu sÃ³ vou acompanhar o #appleevent se vocÃªs jurarem que vai ter airpods pretos!!!!!!! @apple,2.0,,,,,,,,,,,,,,,
comprei um xiaomi airdots basic. o som do basic consegue ser melhor do que os airpods da maÃ§Ã£...,1.0,,,,,,,,,,,,,,,
@sargentofahur @iracema07650411 @jairbolsonaro faz igual ao senador cajuru cola os airpods no ouvido e fica ouvindo uma mÃºsica raiz,1.0,,,,,,,,,,,,,,,
de aniversÃ¡rio me deem pulseiras para apple watch 38mm / 40mm e tambÃ©m em deem cases para airpods 2,1.0,,,,,,,,,,,,,,,
e continuo sem saber como estes sÃ£o os sextos airpods dele https://t.co/tjff8smudf,1.0,,,,,,,,,,,,,,,
"eu nego airpods 

eu rejeito airpods

eu nÃ£o entendo quem utiliza airpods

puts grila airpods sÃ£o uma merdaaa",1.0,,,,,,,,,,,,,,,
quero uma capinha para os airpods da pull,1.0,,,,,,,,,,,,,,,
hoje no metro fui gozado por 2 putos de 10 anos por nÃ£o ter airpods e andar feito idiota com fones de fios. cant you see i am broke,1.0,,,,,,,,,,,,,,,
@gabianselmi_ descobriu as ferramentas do airpods e surtou kkkkkkkkkk,1.0,,,,,,,,,,,,,,,
mais um motivo pra eu querer airpods ğŸ‘ https://t.co/nphbphkue0,1.0,,,,,,,,,,,,,,,
"white people problem: 
-sai de casa com os airpods descarregados :(",1.0,,,,,,,,,,,,,,,
"o bonito deixou o airpods dele comigo, que adianto pra arrumar a casa ouvindo uma musica e esquecer do mundo",1.0,,,,,,,,,,,,,,,
eu nÃ£o consigo mais usar fones com fio desde que comprei os meus airpods,3.0,,,,,,,,,,,,,,,
"boy recebi uns airpods replica, sÃ£o bue grandes em comparaÃ§Ã£o aos originais mas dÃ£o um jeito do crlh ğŸ˜Œ",2.0,,,,,,,,,,,,,,,
"@sadbutfabitch to sim!!! amigo recomendo muito! Ã³tima a qualidade do som, bom isolamento acÃºstico, ergonÃ´micos, intra-auricular o que nÃ£o deixa cair.... achei melhor comparado com o airpods, sem contar que Ã© beeeeem mais barato. 4.8/5 porque queria branco e nÃ£o achei kkkkk",2.0,,,,,,,,,,,,,,,
a vei quero meu airpods logo vochora,3.0,,,,,,,,,,,,,,,
"vendi o airpods, alguem recomenda o mi airdots ou o da jbl free x?",1.0,,,,,,,,,,,,,,,
serÃ¡ que Ã© lei jogador de futebol  descer do Ã´nibus usando airpods?,1.0,,,,,,,,,,,,,,,
sÃ³ queria meu airpods sÃ³ issoooooo,3.0,,,,,,,,,,,,,,,
como q vou contar pra minha mÃ£e que perdi meus airpods ???,2.0,,,,,,,,,,,,,,,
"tom: estou confuso, como vc sabe sobre os meus airpods? 

fÃ£ louca: eu sei tudo sobre vocÃª https://t.co/sxhkxcuyii",1.0,,,,,,,,,,,,,,,
sera q ele perou de airpods https://t.co/wbnwx67gtg,1.0,,,,,,,,,,,,,,,
@lhom espero q nao pq @orteipps ta cansado de dividir airpods,1.0,,,,,,,,,,,,,,,
"@gabrielbh2100 compra uns airpods fakes do aliexpress e compara com o original, te mandei um link da dm. custam no maximo 200 reais e sÃ£o exatamente idÃªnticos.",1.0,,,,,,,,,,,,,,,
@fabioxvier pensei que eram os airpods,1.0,,,,,,,,,,,,,,,
@mavimarqs @phninja08 eu quero um airpods,3.0,,,,,,,,,,,,,,,
"levanta a cabeÃ§a princesa, senÃ£o os seus airpods caiem.",2.0,,,,,,,,,,,,,,,
eu esboÃ§o um sorrisinho sempre que vejo alguÃ©m com uns airpods.,3.0,,,,,,,,,,,,,,,
apostamos os airpods ahhahahahaha,1.0,,,,,,,,,,,,,,,
"perdi o lado direito do meu airpods, fodeu mt",2.0,,,,,,,,,,,,,,,
vocÃªs jÃ¡ alguma vez conduziram de airpods nos ouvidos? better than sex,3.0,,,,,,,,,,,,,,,
na moral airpods melhor investimento que fiz em 2019,3.0,,,,,,,,,,,,,,,
sÃ³ queria um airpods pena q Ã© caro ..,2.0,,,,,,,,,,,,,,,
"eis que meu tio brota com um airpods 

minha vÃ³: ue mas veio estragado cade o fio?!

kkkkkkkkkkkkkkkkkkkkkkkk",1.0,,,,,,,,,,,,,,,
indignadÃ­ssimo com o preÃ§o dos airpodsğŸ˜±ğŸ˜±,2.0,,,,,,,,,,,,,,,
vÃ­deo novo! xiaomi airdots - nÃ£o compre os airpods! melhor custo x benefÃ­cio! https://t.co/uvexw7rs1f,1.0,,,,,,,,,,,,,,,
@rarsousa e ya nÃ£o curto de airpods btw,2.0,,,,,,,,,,,,,,,
e o meu pai que apareceu aqui em casa com um fone sem fio tipo o airpods da apple sÃ³ que da xiaomi kkkkkkkkkkkk,1.0,,,,,,,,,,,,,,,
@stuffdamariana compra o adaptador ou airpods,1.0,,,,,,,,,,,,,,,
sÃ³ queria tomar banho usando meu airpods ğŸ˜”,2.0,,,,,,,,,,,,,,,
esses airpods falsificados foram minha melhor compra em um tempo,2.0,,,,,,,,,,,,,,,
pq que o microfone do airpods fica zoado sÃ³ no whatsapp????,2.0,,,,,,,,,,,,,,,
sÃ³ queria um airpods cara,3.0,,,,,,,,,,,,,,,
"sedenta nesses airpods via bluetooth, queria muito",3.0,,,,,,,,,,,,,,,
"@lorenzoborsatt0 mds, pense que a pessoa que achou o seu ou deu muita sorte, ou a mesma merda q vc ou nem airpods tinha kkkk",1.0,,,,,,,,,,,,,,,
peguei meus airpods ğŸ¤¤,3.0,,,,,,,,,,,,,,,
onde acho airpods original em itumbiara?,1.0,,,,,,,,,,,,,,,
pra quem quiser me dar presente estou aceitando apple whatch e airpods sÃ³ isso,3.0,,,,,,,,,,,,,,,
@pejota_brabo compra o airpods,3.0,,,,,,,,,,,,,,,
@crlqraiva airpods existem por alguma razÃ£o ğŸ™„ğŸ¤·ğŸ¼â€â™€ï¸,1.0,,,,,,,,,,,,,,,
"acho que vou comprar airpods, agora sÃ³ preciso de 180â‚¬",2.0,,,,,,,,,,,,,,,
"#aloadt tÃ¡ aÃ­ uma coisa que nÃ£o se vÃª todo dia, uma cÃ³pia fidedigna dos airpods que, inclusive, sÃ£o reconhecidos pelo iphone como aipods:
https://t.co/8zevvpshss",1.0,,,,,,,,,,,,,,,
"@souoleo08 ""usas relÃ³gio de marca e tens airpods, Ã©s rico""

das piores mentalidades que existem ğŸ¤¦â€â™‚",1.0,,,,,,,,,,,,,,,
perder airpods Ã© comigo tÃ¡ visto,2.0,,,,,,,,,,,,,,,
@winwinprint aber comprame unos airpods,1.0,,,,,,,,,,,,,,,
agora sÃ³ preciso de um airpods ğŸ˜«,3.0,,,,,,,,,,,,,,,
o cabelo a tapar os airpods faz me passar por louca na rua,1.0,,,,,,,,,,,,,,,
"quero lÃ¡ sbr dos airpods, tira me masÃ© essa barba porra https://t.co/y3gdm6fgs7",1.0,,,,,,,,,,,,,,,
alguem me da um airpods,3.0,,,,,,,,,,,,,,,
vou ficar pique europa com esses airpods ğŸ˜…,3.0,,,,,,,,,,,,,,,
@lancheiatuaavo what entÃ£o tu jÃ¡ nÃ£o tens airpods ?ğŸ˜‚,1.0,,,,,,,,,,,,,,,
"@joelpinho14 @fabiopais_00 fact. um mac custa 1800. um xr custa 800. os airpods custam 220. dÃ¡ 2820â‚¬. com 2600â‚¬ compro o oneplus 6t/7, 2 vezes melhor que o xr por menos 300â‚¬. compro o surface laptop, mais potente que o mac por 1000, e os freex a 80, com som bem melhor e dÃ¡ 1600. sobram 1000â‚¬ para gota",1.0,,,,,,,,,,,,,,,
comprei o airpods preto ğŸ¤¤ğŸ¤¤ğŸ¤¤ ter primo morando fora tem suas vantagens ğŸ˜ğŸ–¤,3.0,,,,,,,,,,,,,,,
"ontem fui abordado nÃ£o levaram meu celular por seu iphone e me devolveram, hoje eu perdi meu airpods, show.",2.0,,,,,,,,,,,,,,,
"@fabiopais_00 @borlikk mas porquÃª ter um mac, airpods e iphone e prender-me a uma companhia que cobra premium por serviÃ§os e produtos average, quando posso escolher qualquer outras 3 marcas, uma para cada produto, que sÃ£o todos compativeis entre si, e ter liberdade como consumidor de forma mais barata.",1.0,,,,,,,,,,,,,,,
"chego em casa e a minha mÃ£e perguntou logo o porque de ter comprado airpods again se jÃ¡ tenho uns , bruh eram necessÃ¡rios",3.0,,,,,,,,,,,,,,,
meus airpods sÃ£o muito padrÃ£o mds,1.0,,,,,,,,,,,,,,,
apple q me perdoe mas o fone q veio no celular da minha mÃ£e Ã© muito melhor q meus airpods,2.0,,,,,,,,,,,,,,,
quando vc tem airpods https://t.co/030zzj4m0l,1.0,,,,,,,,,,,,,,,
alguem me da um airpods de aniversÃ¡rio por favor ğŸ¥º,3.0,,,,,,,,,,,,,,,
parcelando airpods em 10 vezes aqui,2.0,,,,,,,,,,,,,,,
vou pedir a capinha pro meu airpods e nÃ£o quero ver minha mÃ£e reclamando pq vai sair do meu dinheiro isso,1.0,,,,,,,,,,,,,,,
"a minha mÃ£e achava que os airpods do meu pai eram fio dental, entÃ£o foi pÃ´-los na casa de banho.",1.0,,,,,,,,,,,,,,,
@acnaiab ele nÃ£o pode te escutar. ele estÃ¡ usando airpods,3.0,,,,,,,,,,,,,,,
@ahprontocaio @shryma @marcellemrs a capinha de airpods no mesmo modelo da minha tudoooooo,1.0,,,,,,,,,,,,,,,
"depois da universidade tenho que ir atÃ© oxford buscar as coisas da apple que jÃ¡ chegaram finalmente, comprei outra caixa de airpods",2.0,,,,,,,,,,,,,,,
"pra onde eu vou agora, vou com o airpods e fds kkkkkkk",3.0,,,,,,,,,,,,,,,
"e essa caixinha de airpods da cardcaptor sakura eu to morta

nem airpods eu tenho mas fodase quero uma https://t.co/ai5vmnn87q",3.0,,,,,,,,,,,,,,,
e minha prima rata de assaltos em niterÃ³i que esconde o airpods dela com adesivo de fio dental !? kkkk https://t.co/fohro1lfng,1.0,,,,,,,,,,,,,,,
ho comprato le airpods finalmente ğŸ¥°ğŸ¥°ğŸ¥°,1.0,,,,,,,,,,,,,,,
nÃ£o comprem airpods,2.0,,,,,,,,,,,,,,,
"@joelpinho14 @borlikk mas isso acontece com tudo, os produtos que te vendem agora jÃ¡ estÃ£o pensados hÃ¡ muito tempo, isso nem se pÃµe em questÃ£o, tens que ver qual Ã© o produto que te deixa mais satisfeito, quando consegues ter o mac, os airpods e o iphone, n queres outra coisa e nisso a apple Ã© a melhor",3.0,,,,,,,,,,,,,,,
"jÃ¡ ganhei meu airpods, agr vou trocar de cel dps compro um apple watch, vou ficar nojento ğŸ¤¢",3.0,,,,,,,,,,,,,,,
deixei a caixinha do airpods da minha irmÃ£ cair e sumiu um airpod pqp ğŸ˜©,2.0,,,,,,,,,,,,,,,
isso eh p cara comprar os airpods kkkkkkk a glr eh mt inocente ne https://t.co/cssz1fh359,1.0,,,,,,,,,,,,,,,
o melhor dos airpods eq podes ouvir mÃºsica e os stores nem reparam,3.0,,,,,,,,,,,,,,,
applecare+ agora estÃ¡ disponÃ­vel para airpods e fones beats. https://t.co/0kr4kv7vm6 https://t.co/u72zkw2ge5,1.0,,,,,,,,,,,,,,,
o melhor Ã© que ele nem negou que era realmente os airpods dele https://t.co/adufontet3,1.0,,,,,,,,,,,,,,,
fui levantar a bosta da caixa achando que era da pulseira e era do airpods,1.0,,,,,,,,,,,,,,,
"hoje foi o dia que quase botei meu cu pra fora. eu tava descendo as escadas rolantes da estaÃ§Ã£o luz e um dos lados do airpods caiu :) fiquei em choque! mas deu tudo certo, consegui pegar no final da escada.",1.0,,,,,,,,,,,,,,,
airpods dentro da mÃ¡quina de lavar? parece-me bem,1.0,,,,,,,,,,,,,,,
@porragab @warmfourloko kkkkkkkk eu c meus airpods n escutando o cafe avisando q tava caindo,1.0,,,,,,,,,,,,,,,
a dica Ã© arranjar uns airpods pra esse ano,3.0,,,,,,,,,,,,,,,
"como a xiaomi Ã© tÃ£o foda a ponto de fazer um fone sem fio, bonito, que carrega a bateria no estojo estilo airpods, por 18 dÃ³lares, 18 dolares mano",1.0,,,,,,,,,,,,,,,
esqueci me de trazer os airpods para a escola! que erro,1.0,,,,,,,,,,,,,,,
"meu pai me ligou da loja da @apple perguntando o que eu queria e eu disse nada, eu tenho problemas, quero airpods e uma assistÃªncia p meu celular urgente",3.0,,,,,,,,,,,,,,,
um senhor estÃ¡ a falar ao telemÃ³vel com airpods mas mesmo assim tem o mÃ³vel ao ouvido..,1.0,,,,,,,,,,,,,,,
"airpods sÃ£o um dinheiro tÃ£o mal gasto, nÃ£o me fodam, para isso compro uma jbl top top",2.0,,,,,,,,,,,,,,,
comprar airpods sÃ³ por esse case de sakura,1.0,,,,,,,,,,,,,,,
apple airpods oferta solo 135â‚¬. ver oferta aqui &gt;&gt;&gt; https://t.co/cwnbye75vx https://t.co/mo8wcum7pd,1.0,,,,,,,,,,,,,,,
oops! imagem do protÃ³tipo dos apple airpods 3 chega Ã  internet https://t.co/wbanfjfead https://t.co/nttkubwhcb,1.0,,,,,,,,,,,,,,,
"@joaomarcos_q se fosse assim, eu pegava o airpods e anunciava no mercadolivre a 900

Â¯\_(ãƒ„)_/Â¯",1.0,,,,,,,,,,,,,,,
@adl33r mas consegue fazer a boa do airpods n? n aceito pagar 1k aqui,1.0,,,,,,,,,,,,,,,
@joaomarcos_q eu paguei com meu dinheiro esse airpods,1.0,,,,,,,,,,,,,,,
"@adl33r crlh puto, me vende um airpods fdp",3.0,,,,,,,,,,,,,,,
me segurando pra nÃ£o comprar um par de airpods,3.0,,,,,,,,,,,,,,,
"@shryma @heloartuso certeza q vc iria comprar, e a capinha dos airpods parece das star guardian vei kkkkkkkkkkkk",1.0,,,,,,,,,,,,,,,
"@danilsonpatrici siiiimmmmm.... isso Ã© tipo o s10 com os airpods. nÃ£o podes, nÃ£o deves, nÃ£o nada!!! ğŸ˜ŒğŸ¤—",1.0,,,,,,,,,,,,,,,
sÃ³ consigo encomendar os airpods a partir das 13:00,1.0,,,,,,,,,,,,,,,
sÃ³ meninos de airpods e calÃ§a bege de camisa e elas de calÃ§a branca com camisolas as riscas,1.0,,,,,,,,,,,,,,,
erro do pai do jovem Ã© viajar pra noruega e deixar os airpods em casa,1.0,,,,,,,,,,,,,,,
airpods na wammo $625 ğŸ˜‚ğŸ˜‚ğŸ˜‚ğŸ˜‚ğŸ˜‚ğŸ˜‚ğŸ˜‚ porra escapei se aleijar,1.0,,,,,,,,,,,,,,,
encontrei os meus airpods crl ;a minha mÃ£e quando voltar do estrangeiro jÃ¡ nÃ£o me vai matarğŸ˜‚ğŸ˜‚ğŸ˜‚,2.0,,,,,,,,,,,,,,,
airpods compensa?,1.0,,,,,,,,,,,,,,,
"@observadorpt aquela mÃ¡ reaÃ§Ã£o habitual de meia dÃºzia que julgam que a sua opiniÃ£o Ã© que vale.

faz-me lembrar o gozo que deram Ã  apple quando lanÃ§aram os airpods... e depois foi o que se viu: um sucesso gigantesco e a concorrÃªncia, uma vez mais, a por a fotocopiadora a trabalhar...",1.0,,,,,,,,,,,,,,,
ia encomendar os airpods mas a app da apple estÃ¡ em baixo por causa do iphone 11 :(,1.0,,,,,,,,,,,,,,,
"tive que sair de casa com meu headphone pq esqueci de carregar os airpods e percebi que nÃ£o Ã© pra mim, preciso ficar arrumando meu cabelo a cada 5 min",3.0,,,,,,,,,,,,,,,
airpods t a dar som bue baixo alguÃ©m sabe mexer nisso?,2.0,,,,,,,,,,,,,,,
fds amanhÃ£ vou comprar os airpods nÃ£o consigo ir para a escola sem eles ğŸ¤¦ğŸ½â€â™‚ï¸,3.0,,,,,,,,,,,,,,,
"comprei um airpods paraguai pra mim, to me sentindo pq ele Ã© pequenininho parecido com o original. tem uns que parece um cigarro de tÃ£o grande.",2.0,,,,,,,,,,,,,,,
ho preso le airpods e sono felice,1.0,,,,,,,,,,,,,,,
"airpods Ã© muito caro, tmnc, tÃ³xico do crl",2.0,,,,,,,,,,,,,,,
"@dameteunumero ok ok... mas se precisar carregar teus airpods eh sÃ³ usar o wireless powershare... ah Ã©, o iphone nÃ£o tem isso, nÃ£o esquenta nÃ£o, eu deixo tu usar o meu s10",2.0,,,,,,,,,,,,,,,
"com o airpods, eh claro",1.0,,,,,,,,,,,,,,,
e minha cunhada que achou uma caixinha de airpods no Ã´nibus,1.0,,,,,,,,,,,,,,,
"Ã© mt pastor de iphone novo, apple watch e airpods ...

e vc meu conservador, pagou o dÃ­zimo hoje? qual teu celular e pq um xiaomi de r$700,00 ?",1.0,,,,,,,,,,,,,,,
"silicone cute airpods case for $5

use code 50vyqvlh

=&gt; https://t.co/8fiazlup22 https://t.co/l0rzhbje10",1.0,,,,,,,,,,,,,,,
liam perdeu o airpods,2.0,,,,,,,,,,,,,,,
preciso urgentemente de um airpods.,3.0,,,,,,,,,,,,,,,
esses airpods paraguai sÃ£o feios dms pqp,1.0,,,,,,,,,,,,,,,
nao se se compro os airpods amanhÃ£ ou se espero mais 2meses,3.0,,,,,,,,,,,,,,,
"vendendo meu airpods 
original 
na caixa 
nota fiscal 
vem de dm que a gente desenrola
(ou wpp 21-998705545)
da rt p ajudar o amigo a vender a rÃ¡pido e muito obg por me dar 5 estrelas https://t.co/tadoj5v03d",2.0,,,,,,,,,,,,,,,
comprei meus airpods porraaa,3.0,,,,,,,,,,,,,,,
"vaaai toma no cu, o airpods de vcs tb ficaram baixos dps do tempo d uso??",2.0,,,,,,,,,,,,,,,
eu sÃ³ queira um airpods sÃ³,3.0,,,,,,,,,,,,,,,
@marianaa_filipa vao te oferecer airpods do chines,1.0,,,,,,,,,,,,,,,
"â˜ï¸alguns itens que toda vsco girl padrÃ£o tem:
1- hydro flask (garrafa)
2- canudo de metal
3- scrunchies
4- airpods (fone sem fio da apple)
5- gloss ou manteiga de cacau
6- adesivos tumblrs 
7- capinhas decoradas com adesivo
8- colar de conchas 
9- polaroid
10- mascara facial",1.0,,,,,,,,,,,,,,,
"airpods descarregador, meu celualr no carregador e eu querendo ouvir mÃºsica ğŸ˜’",2.0,,,,,,,,,,,,,,,
@giovannasilvan2 @festenghel kkkkkkkkkkkkk sÃ³ nÃ£o foi maior que o do airpods,1.0,,,,,,,,,,,,,,,
queria ganhar airpods,3.0,,,,,,,,,,,,,,,
"@m4rquin17 relembrando ok 
iphone 11 verde Ã¡gua 
airpods
apple watch edition 
capinhas de varias cores e modelos 
sÃ³ isso, obrigada friend",1.0,,,,,,,,,,,,,,,
eu tenho medo de pessoas com airpods,1.0,,,,,,,,,,,,,,,
"@ddemonel @davilessa_ vdd 
rouba o coraÃ§Ã£o 
deve ajudar a comprar uns airpods sla",1.0,,,,,,,,,,,,,,,
devo assolutamente comprare le airpods,1.0,,,,,,,,,,,,,,,
"fdc, 12h de voo sem fones, preciso de airpods com urgÃªncia",3.0,,,,,,,,,,,,,,,
vontade de comprar um airpods,3.0,,,,,,,,,,,,,,,
v comprar os airpods qnd receber juro,3.0,,,,,,,,,,,,,,,
era sÃ³ um airpods na minha orelha...,1.0,,,,,,,,,,,,,,,
@isa_____f eu nao gostei dos airpods e o mac a bateria acaba muito rapido,2.0,,,,,,,,,,,,,,,
"ah Ã© sÃ³ uma fase pra airpods
triste",2.0,,,,,,,,,,,,,,,
"gordo, fumante, de preto, Ã³culos, barbudo, bebendo cafÃ© e de airpods",1.0,,,,,,,,,,,,,,,
"chocada com as minhas descobertas do airpods, agora nunca mais irei tocar no celular",1.0,,,,,,,,,,,,,,,
"n tenho airpods, aÃ­ boto meu fone por dentro do casaco td dia e escuto mÃºsica literalmente tds as aulas e eu achava q ngm percebia nÃ©. ontem uma prof viu e pediu pra eu tirar (suave) aÃ­ Ã  noite teve reuniÃ£o dos profs e quando ela falou isso todos os profs concordaram pqp kkkkkkkk",1.0,,,,,,,,,,,,,,,
"hoje aconteceu um evento muito divertido envolvendo pessoas que nÃ£o escutam nada quando estÃ£o de airpods, â€œquanto custa?â€ e brigadeiros quase caindo no chÃ£o https://t.co/jcnc2mbsdb",1.0,,,,,,,,,,,,,,,
esses airpods sÃ£o maravilhosos! nÃ£o tem fio me enforcando,3.0,,,,,,,,,,,,,,,
"ter airpods Ã© sÃ³ a melhor cena, posso danÃ§ar a vontade e sei que os phones nÃ£o me vÃ£o sair. obrigado.",3.0,,,,,,,,,,,,,,,
airpods Ã© buÃ© fixe atÃ© perder um na cama ou algures,1.0,,,,,,,,,,,,,,,
"fico vendo uns pessoal na escola com uns ""airpods"" da grossura de um dedo, achando q tÃ¡ foda de mais",1.0,,,,,,,,,,,,,,,
o meu namorado vai oficialmente parecer um atrasadinho com os airpods,1.0,,,,,,,,,,,,,,,
"vontade de comprar um airpods, porÃ©m o medo de perder Ã© maior",2.0,,,,,,,,,,,,,,,
@surunah mas eu quero esse carregador..... e esse ursinho do kero chan...... e esse porta airpods msm eu n tendo um.....,1.0,,,,,,,,,,,,,,,
o que vocÃªs fariam com o cachorro de vocÃªs se ele mastigasse seu airpods? https://t.co/w0cefhlczj,1.0,,,,,,,,,,,,,,,
"nada mais aleatorio que meu pai hoje 8:00 ""filha quer um airpods?"" ""o pai faz tudo por vc"" 
kakakaakkaka",1.0,,,,,,,,,,,,,,,
ninguÃ©m quer me da um airpods nÃ£o?,1.0,,,,,,,,,,,,,,,
queria comprar um airpods do jeito q eu sou eu tenho ctz q vou perder igual perdi meu apple watch,2.0,,,,,,,,,,,,,,,
"que irritante estou sempre a perder os airpods em casa,  se n fosse o localizador tava fdda",2.0,,,,,,,,,,,,,,,
"sim, podem usar airpods com um telefone android; aqui estÃ¡ como https://t.co/gyf4tytwr4",1.0,,,,,,,,,,,,,,,
como usar os airpods https://t.co/kodo9d5nmy,1.0,,,,,,,,,,,,,,,
@filipepdinis adeus airpods,1.0,,,,,,,,,,,,,,,
o lado esquerdo dos meus airpods simplesmente parou de funcionar,2.0,,,,,,,,,,,,,,,
"@joelpinho14 @fabiopais_00 i mean, essa cÃ¢mara tripla Ã© horrenda, imo. se nÃ£o resultou no mate 20 pro, nÃ£o Ã© por ser iphone que resulta. os airpods sÃ£o azeiteiros tal como todos os outros, no caso em que estÃ¡s com eles e nem vÃªs pessoas a falar para ti",1.0,,,,,,,,,,,,,,,
tengo q ir a opium y estoy c los airpods de sam eheheh muito chique,1.0,,,,,,,,,,,,,,,
"esses airpods piratas sÃ£o horrveis. pelo amor de deus, parece que vcs tao andando com duas pilha palito no ouvido",1.0,,,,,,,,,,,,,,,
@almeida_762001 a aplicaÃ§Ã£o da para encontrar apenas os airpods( que eu tenho comigo) nÃ£o dÃ¡ para localizar a caixa,1.0,,,,,,,,,,,,,,,
foda de ter airpods Ã© q vocÃª sempre acha q esqueceu o fone atÃ© lembrar q eles estÃ£o lÃ¡ no fundinho da sua bolsa,2.0,,,,,,,,,,,,,,,
these are so cute pena Ã© nao ter airpods ğŸ˜”âœŠ https://t.co/r6lyopkcsc,1.0,,,,,,,,,,,,,,,
preciso de uns airpods,3.0,,,,,,,,,,,,,,,
"preciso comprar um airpods,mas pqp atÃ© nos estados unidos estÃ¡ caro.",2.0,,,,,,,,,,,,,,,
airpods eh a unica coisa q invejo do iphone serio,3.0,,,,,,,,,,,,,,,
ganhei um airpods novo fodase to feliz vo estudar ate amanhecer hoje fodaseeeeeeeeeeeeeeee,3.0,,,,,,,,,,,,,,,
deixeis os meus airpods em casa da gfğŸ˜§ğŸ¤¦â€â™‚ï¸,1.0,,,,,,,,,,,,,,,
"vcs sÃ³ pq tem airpods 
ficam a usar no meio de uma conversa p se armar que tem pq? Ã© falta de respeito isso",1.0,,,,,,,,,,,,,,,
"comprei um airpods, realizei um sonho e mais 10 parcelas pra pagar. tÃ¡ feliz capitalismo?",3.0,,,,,,,,,,,,,,,
caio me pede um lado do airpods e dorme pqp! ğŸ™„,1.0,,,,,,,,,,,,,,,
os airpods https://t.co/l2zjlb2gqi,1.0,,,,,,,,,,,,,,,
blz q lanÃ§ou o iphone 11 mas quando airpods vÃ£o abaixar de preÃ§o??,2.0,,,,,,,,,,,,,,,
"""eu sou maloqueiro pq fumo narguilÃ©"" diz leonardo, estudante do positivo, de vans, airpods e iphone x na mÃ£oğŸ‘ğŸ¼ğŸ‘ğŸ¼ğŸ‘ğŸ¼ğŸ˜‚",1.0,,,,,,,,,,,,,,,
preciso urgentemente de uns airpods,3.0,,,,,,,,,,,,,,,
e dany e ana clara q esconderam meu airpods e eu sÃ³ fui perceber quando ia entrar no Ã´nibus ğŸ‘ğŸ»,1.0,,,,,,,,,,,,,,,
@spfcrmc airpods tu compra os paralelo 200x mais barato e funciona do msm jeito vai no watch,1.0,,,,,,,,,,,,,,,
"queria tanto airpods pra usar na academia, mas quando lembro o valorrrr",2.0,,,,,,,,,,,,,,,
eu com uns airpods ficaria nojenta demais o mundo seria meu,1.0,,,,,,,,,,,,,,,
"@luanamuller_ me rendi aos chineses quando eu quis comprar um fone bluetooth, aÃ­ fiquei entre airpods (mil conto) e o da samsung que era mil tambem kkk comprei aquele redmi por 90 e funciona tÃ£o bem quanto, Ã© o futuro",1.0,,,,,,,,,,,,,,,
benditos airpods https://t.co/nyus7g9lmd,1.0,,,,,,,,,,,,,,,
"pqq esse cara tem um mac, airpods e usa android?",1.0,,,,,,,,,,,,,,,
@chaimaajr melo a achetÃ© des airpods,1.0,,,,,,,,,,,,,,,
"@vhstriker entÃ£o, e quer saber mais? os airpods nÃ£o tem wireless power charge ne?! esse aqui tem.",1.0,,,,,,,,,,,,,,,
ja nao ha mais airpods no urban ğŸ˜‚ https://t.co/yqoyuovvzg,1.0,,,,,,,,,,,,,,,
@alexsandra_rosa eu compro a caixinha ce compra o airpods e nois divide ein https://t.co/jheqtirxmi,2.0,,,,,,,,,,,,,,,
"@cidranbr caramba q maneiro, eu tenho os airpods e nem consegui perceber a diferenÃ§a",1.0,,,,,,,,,,,,,,,
@reivaj___ @eli1up hÃ¡blale a @yasiel72 de airpods a ver,1.0,,,,,,,,,,,,,,,
algum suggar daddy online para me bancar e me dar um airpods?,1.0,,,,,,,,,,,,,,,
"comprei um airpods e simplesmente enviaram pra tocantins (?) queria saber qual o critÃ©rio que o correios usa pra enviar as encomendas, tipo â€œcampo grande? hmmm nÃ£o, vai pro interior do tocantinsâ€",1.0,,,,,,,,,,,,,,,
"uma coisa que respeito na apple que qualquer buzzword que os caras mandam pega
ninguÃ©m chama ""airpods"" de fone",1.0,,,,,,,,,,,,,,,
@edisonlsm @filipeesposito @hugomaesta estive lÃ¡ no inÃ­cio do ano e uma amiga comprou airpods por menos que nos eua (!!),1.0,,,,,,,,,,,,,,,
"@edisonlsm @hugomaesta tirando o iphone e os airpods, todos os produtos que eu tenho sÃ£o de lÃ¡. macbook, ipad, apple watch...",1.0,,,,,,,,,,,,,,,
@fabiopais_00 mas airpods sÃ£o azeiteiros,1.0,,,,,,,,,,,,,,,
emprestei os meus airpods a inÃªs,1.0,,,,,,,,,,,,,,,
e eu que devolvi meus airpods porque fiquei pensando que com aquele valor eu poderia facilmente comprar uma passagem e ir viajar,2.0,,,,,,,,,,,,,,,
"estou a sofrer, hoje de manhÃ£ recebi uma mensagem a dizer que os meus airpods estavam a chegar. fui ao correio, guess what nÃ£o estavam lÃ¡.
mais um dia na ansiedadeğŸ˜‚ğŸ˜‚ğŸ˜‚",1.0,,,,,,,,,,,,,,,
bem engraÃ§ado todos os idols no isac usando fone normal pra jogar pubg e o dream usando airpods pq eles sÃ£o burgueses,1.0,,,,,,,,,,,,,,,
"eu e o matheus estamos abrindo uma loja de airpods, caso alguÃ©m queira, pode falar cmg ou com o @matheusqleandro â¤ï¸â¤ï¸â¤ï¸",3.0,,,,,,,,,,,,,,,
"tÃ¡ do crl, os conas que dizem que os airpods sÃ£o azeiteiros sÃ£o os conas que dizem que este telemÃ³vel estÃ¡ mau https://t.co/dglmj7bwjj",1.0,,,,,,,,,,,,,,,
queria que airpods fosse a prova dâ€™agua pra eu usar no banho,2.0,,,,,,,,,,,,,,,
"@anapbeltrame n Ã© tÃ£o alto quanto eu pensava, porÃ©m n sei a realidade do custo de vida, mas olhando assim sem saber, o airpods atÃ© aÃ­ Ã© caro tlgd",2.0,,,,,,,,,,,,,,,
queria comprar airpods mas medo de nÃ£o ser compatÃ­vel com meu celular sofroh,2.0,,,,,,,,,,,,,,,
melhor vir c airpods tsc https://t.co/4ollsmh2ye,1.0,,,,,,,,,,,,,,,
@anapbeltrame compra um airpods pra mim aÃ­ em pt,1.0,,,,,,,,,,,,,,,
o enzo a tentar perceber o que se passava enquanto o toni tinha os airpods dele no pÃ© ğŸ˜‚ğŸ˜‚ğŸ˜‚ https://t.co/k38xt9tk4t,1.0,,,,,,,,,,,,,,,
@aleazevedo8 ela disse que quer dar um airpods pra mim oq acha???,1.0,,,,,,,,,,,,,,,
e a minha irmÃ£ que cortou uns fones normais porque queria uns airpods https://t.co/es4hany5gi,3.0,,,,,,,,,,,,,,,
"como Ã© que vocÃªs que tÃªm airpods quase nÃ£o usar
eu se tivesse tava sempre a ouvir mÃºsica 
fones com fios Ã© muita chato",1.0,,,,,,,,,,,,,,,
carai bixo necessito urgente de um airpods,3.0,,,,,,,,,,,,,,,
nÃ£o sei onde pus os airpods :(,2.0,,,,,,,,,,,,,,,
lÃ©o encontrou me os airpods https://t.co/2smcxsrlcg,2.0,,,,,,,,,,,,,,,
"eu queria ter tudo, apple whatch airpods, ipad, imac tudo",3.0,,,,,,,,,,,,,,,
ansiosa pros meus airpods chegarem,3.0,,,,,,,,,,,,,,,
"incrÃ­vel... a cada 10 nova-iorquinos, 9 tÃªm airpods.",1.0,,,,,,,,,,,,,,,
"@cocatech @macmagazine bom dia. conseguiram habilitar o apple care+ pros airpods aÃ­? tenho um comprado a 32 dias, e nÃ£o apareceu a opÃ§Ã£o aqui nÃ£o :/",1.0,,,,,,,,,,,,,,,
"@neonthiger amigo eu nÃ£o consigo comprar um adaptador de 50 reais, imagina airpods lfkdlssk",2.0,,,,,,,,,,,,,,,
e eu que comecei o dia quase tomando banho com os meus airpods porque simplesmente esqueci que eles estavam no meu ouvido https://t.co/l4arug9gu3,1.0,,,,,,,,,,,,,,,
8 fones de ouvido sem fio mais baratos que os airpods https://t.co/camamvexpe via @yahoobr,1.0,,,,,,,,,,,,,,,
"deixei os dois fones ontem no balcÃ£o e fui dormir,quando acordo me deparo que eles se acasalaram durante a noite,na Ã© possÃ­vel que essa porra embola assim,Ã© coisa do chifrudo. to indo hoje mesmo comprar um airpods,foudac https://t.co/6io6c8ou0b",1.0,,,,,,,,,,,,,,,
achetez des airpods https://t.co/voktyjn4pa,1.0,,,,,,,,,,,,,,,
"sÃ³ queria um fone bluetooth, precisa nem ser airpods, pode ser aqueles de 20 conto kkkkk",1.0,,,,,,,,,,,,,,,
achetez des airpods https://t.co/reybwiej3z,1.0,,,,,,,,,,,,,,,
"jÃ¡ nÃ£o sei dos meus Ã³culos e dos airpods hÃ¡ semanas, eu odeio-me jr",2.0,,,,,,,,,,,,,,,
jÃ¡ sÃ³ quero ir comprar os meus airpods,3.0,,,,,,,,,,,,,,,
"esperava-se, no entanto, que a apple fosse mais longe e tivesse outras novidades. o carregamento inverso era esperado, para se integrar com os airpods e a sua caixa de carregamento sem fios. poderÃ¡ chegar para o ano e com outras novidades.",1.0,,,,,,,,,,,,,,,
@adelio_duda e o gps que nÃ£o Ã© algo barato nÃ© tem nos airpods kkkkkkkkkk,1.0,,,,,,,,,,,,,,,
@inesiosam thanos de airpods numa mota ğŸ”¥,1.0,,,,,,,,,,,,,,,
preciso de airpods,3.0,,,,,,,,,,,,,,,
@nsmptn93150 tema Â«Â airpods de iaasaÂ Â»ğŸ˜­ğŸ˜­ğŸ˜­ğŸ˜­ğŸ˜­,1.0,,,,,,,,,,,,,,,
kkkkkkkkkk teve simulaÃ§Ã£o de incÃªndio no meio da noite e a primeira coisa que eu peguei foi o airpods... a geraÃ§Ã£o z at itâ€™s finest,3.0,,,,,,,,,,,,,,,
"acho muito chique quem tem airpods, ainda nÃ£o me acostumei com essa tecnologia",3.0,,,,,,,,,,,,,,,
jÃ¡ estou farto destes fones e sÃ³ tenho os airpods segunda ğŸ˜¡ğŸ˜¡ğŸ˜¡,1.0,,,,,,,,,,,,,,,
airpods 2 ta 600 reais no paraguai mano eu vou chorar preciso,1.0,,,,,,,,,,,,,,,
pode me falhar tudo mas os airpods nÃ£o porra,3.0,,,,,,,,,,,,,,,
namjoon o aniversÃ¡rio Ã© seu mas mime sua mina com airpods ğŸ¥ºğŸ‘ğŸ¼ @bts_twt,3.0,,,,,,,,,,,,,,,
quando mais preciso dos airpods Ã© que me falham fdsssss,1.0,,,,,,,,,,,,,,,
"eu acho que sÃ£o efeitos de cocaÃ­na ğŸ˜‚ğŸ˜‚ğŸ˜‚ğŸ˜‚
airpods no boda sÃ£o uma cena muito sem noÃ§Ã£o ğŸ˜ https://t.co/8oxmx8diic",1.0,,,,,,,,,,,,,,,
@rickyrickykc @flesonron ğŸ˜‚ğŸ˜‚ğŸ˜‚ğŸ˜‚ğŸ˜‚ğŸ˜‚ğŸ˜‚ğŸ˜‚ğŸ˜‚eu vou cortar fio dos auriculares e fazer airpods depois vamos andar juntos nem? ğŸ˜‚ğŸ˜‚ğŸ˜‚ğŸ˜‚ğŸ˜‚,1.0,,,,,,,,,,,,,,,
"quero comprar airpods e depois vou passar a usÃ¡-los em festas como os outros ğŸ˜‚ğŸ˜‚ğŸ˜‚ğŸ˜‚ğŸ˜‚
quero lhes entender",1.0,,,,,,,,,,,,,,,
"chuva: âœ…
frank ocean nos airpods: âœ…
madrugada tÃ¡ perfeita",3.0,,,,,,,,,,,,,,,
"fone de ouvido sem fio ğŸ˜± i11 tws! muito semelhante aos airpods da apple. compatÃ­vel com android e iphone. 

ğŸ§ case magnÃ©tico com carga de 300mah, carrega os fones algumas vezes durante o dia.
ğŸ§ conexÃ£o bluetooth 
ğŸ§â€¦ https://t.co/pi1vb6nfhq",1.0,,,,,,,,,,,,,,,
serÃ¡ que estou vivendo ou apenas perdendo meus airpods?,2.0,,,,,,,,,,,,,,,
ganhei um airpods fodase,3.0,,,,,,,,,,,,,,,
"minha decepÃ§Ã£o com a vida comeÃ§a que de 

um momento que eu achava que quem tinha iphone era trouxa e pagava mais caro em algo com pouco recurso

pra um cara que agora depois que comprou o iphone jÃ¡ quer comprar o apple watch, macbook e airpods kkkkkk",1.0,,,,,,,,,,,,,,,
eu dava tudo pros airpods serem a prova dâ€™Ã¡gua,2.0,,,,,,,,,,,,,,,
capitalismo Ã© horrÃ­vel pq agora eu sinto que preciso do iphone 11 e um airpods pra sobreviverrrrrr ğŸ˜ªğŸ¤§ğŸ˜«,1.0,,,,,,,,,,,,,,,
"ia comprar um airpods por 150 reais, e meu cartÃ£o nÃ£o passou :(",3.0,,,,,,,,,,,,,,,
"tava lembrando de quando eu perdi meu primeiro airpods, desespero total porque tava com ele nem 1 mÃªs.",1.0,,,,,,,,,,,,,,,
e dps talvez eu consiga pegar um airpods (talvez),1.0,,,,,,,,,,,,,,,
bom tenho q comeÃ§ar a carregar os airpods todos os dias,3.0,,,,,,,,,,,,,,,
sÃ³ espero que os airpods cheguem hoje,3.0,,,,,,,,,,,,,,,
@eric0n nossa meu airpods,1.0,,,,,,,,,,,,,,,
o maior problema do airpods Ã© que tem que carregar essa merda que raiva,2.0,,,,,,,,,,,,,,,
,,,,,,,,,,,,,,,,
,,,,,,,,,,,,,,,,
,,,,,,,,,,,,,,,,
,,,,,,,,,,,,,,,,
,,,,,,,,,,,,,,,,
,,,,,,,,,,,,,,,,
,,,,,,,,,,,,,,,,
,,,,,,,,,,,,,,,,
,,,,,,,,,,,,,,,,
,,,,,,,,,,,,,,,,
,,,,,,,,,,,,,,,,
,,,,,,,,,,,,,,,,
kkk,,,,,,,,,,,,,,,,
